order_id,customer_id,order_date,status,region_code
1,384,11-01-2026,DELIVERED,APAC
2,172,2024-11-24 00:00:00,RETURNED,APAC
3,446,2026-05-05 00:00:00,DELIVERED,NA-EAST
4,113,2024-12-05 00:00:00,DELIVERED,APAC
5,444,2025-02-21 00:00:00,DELIVERED,EU-WEST
6,47,2025-09-25 00:00:00,DELIVERED,NA-EAST
7,,2025-12-03 00:00:00,DELIVERED,LATAM
8,559,2026-02-03 00:00:00,DELIVERED,LATAM
9,567,25-10-2025,CANCELLED,NA-WEST
10,88,2025-09-02 00:00:00,DELIVERED,LATAM
11,182,2025-06-08 00:00:00,SHIPPED,NA-WEST
12,298,2025-07-16 00:00:00,DELIVERED,EU-CENTRAL
13,241,2024-12-04 00:00:00,SHIPPED,APAC
14,503,2024-12-02 00:00:00,SHIPPED,APAC
15,447,2024-01-05 00:00:00,DELIVERED,EU-CENTRAL
16,499,2025-04-18 00:00:00,DELIVERED,NA-WEST
17,270,2026-04-26 00:00:00,DELIVERED,LATAM
18,553,2025-07-18 00:00:00,DELIVERED,NA-WEST
19,6,2025-06-06 00:00:00,DELIVERED,APAC
20,150,12-06-2024,DELIVERED,EU-WEST
21,134,2024-03-05 00:00:00,DELIVERED,EU-CENTRAL
22,281,2024-11-27 00:00:00,CANCELLED,EU-CENTRAL
23,80,2025-01-22 00:00:00,DELIVERED,EU-WEST
24,199,2025-03-26 00:00:00,SHIPPED,NA-WEST
25,117,2025-11-07 00:00:00,DELIVERED,EU-WEST
26,484,24-02-2025,DELIVERED,NA-WEST
27,114,2025-08-09 00:00:00,DELIVERED,EU-WEST
28,331,2026-04-21 00:00:00,DELIVERED,EU-WEST
29,187,2025-09-07 00:00:00,DELIVERED,APAC
30,55,2024-03-11 00:00:00,PLACED,APAC
31,380,2025-11-25 00:00:00,CANCELLED,LATAM
32,590,2024-12-24 00:00:00,PLACED,NA-WEST
33,419,2024-03-26 00:00:00,DELIVERED,NA-EAST
34,110,2025-12-05 00:00:00,SHIPPED,LATAM
35,294,2025-08-01 00:00:00,DELIVERED,EU-WEST
36,213,2025-07-26 00:00:00,DELIVERED,LATAM
37,347,2024-06-14 00:00:00,CANCELLED,APAC
38,587,2025-10-13 00:00:00,DELIVERED,APAC
39,534,2026-01-11 00:00:00,DELIVERED,APAC
40,405,2025-05-21 00:00:00,DELIVERED,NA-EAST
41,170,2025-09-21 00:00:00,DELIVERED,NA-WEST
42,531,2025-11-16 00:00:00,PLACED,LATAM
43,284,2027-03-14 00:00:00,SHIPPED,NA-WEST
44,207,2025-06-02 00:00:00,DELIVERED,NA-EAST
45,340,2026-02-27 00:00:00,DELIVERED,APAC
46,561,2025-12-18 00:00:00,DELIVERED,LATAM
47,484,2025-05-02 00:00:00,DELIVERED,LATAM
48,185,2024-07-23 00:00:00,SHIPPED,NA-WEST
49,505,2026-03-08 00:00:00,DELIVERED,APAC
50,589,2024-11-18 00:00:00,CANCELLED,EU-WEST
51,56,2025-02-11 00:00:00,DELIVERED,EU-WEST
52,,2026-03-05 00:00:00,DELIVERED,LATAM
53,266,2024-04-13 00:00:00,SHIPPED,EU-CENTRAL
54,430,2025-01-09 00:00:00,DELIVERED,EU-CENTRAL
55,235,2025-08-08 00:00:00,CANCELLED,LATAM
56,154,2025-01-25 00:00:00,DELIVERED,NA-EAST
57,95,2025-08-04 00:00:00,PLACED,EU-CENTRAL
58,464,2024-12-08 00:00:00,RETURNED,EU-CENTRAL
59,490,2025-11-26 00:00:00,DELIVERED,APAC
60,458,2025-11-20 00:00:00,CANCELLED,EU-WEST
61,346,2026-06-08 00:00:00,DELIVERED,APAC
62,206,2024-06-14 00:00:00,DELIVERED,APAC
63,14,2025-04-06 00:00:00,SHIPPED,NA-WEST
64,49,22-03-2024,PLACED,EU-WEST
65,87,2024-03-26 00:00:00,DELIVERED,EU-WEST
66,175,2025-10-03 00:00:00,PLACED,LATAM
67,553,2025-07-15 00:00:00,SHIPPED,APAC
68,92,2026-07-19 00:00:00,DELIVERED,EU-CENTRAL
69,428,2027-07-26 00:00:00,PLACED,EU-WEST
70,303,2026-03-26 00:00:00,CANCELLED,EU-WEST
71,246,2024-08-13 00:00:00,DELIVERED,APAC
72,187,2024-10-02 00:00:00,SHIPPED,NA-EAST
73,428,2024-11-24 00:00:00,PLACED,NA-EAST
74,387,2024-01-09 00:00:00,SHIPPED,EU-WEST
75,150,2024-02-02 00:00:00,PLACED,EU-WEST
76,523,2026-05-11 00:00:00,SHIPPED,LATAM
77,534,2024-07-22 00:00:00,DELIVERED,NA-WEST
78,563,2024-11-26 00:00:00,DELIVERED,EU-CENTRAL
79,,28-11-2024,SHIPPED,NA-WEST
80,48,2025-12-05 00:00:00,SHIPPED,EU-WEST
81,433,2024-03-02 00:00:00,DELIVERED,NA-WEST
82,367,2026-01-20 00:00:00,DELIVERED,EU-CENTRAL
83,267,2025-05-16 00:00:00,DELIVERED,EU-WEST
84,461,2025-07-21 00:00:00,DELIVERED,EU-CENTRAL
85,524,2025-06-02 00:00:00,DELIVERED,EU-CENTRAL
86,195,2025-11-05 00:00:00,DELIVERED,EU-WEST
87,45,23-04-2024,CANCELLED,NA-WEST
88,398,2024-04-11 00:00:00,DELIVERED,APAC
89,504,2024-03-13 00:00:00,RETURNED,NA-EAST
90,209,2025-06-25 00:00:00,PLACED,NA-WEST
91,179,2025-06-28 00:00:00,DELIVERED,NA-WEST
92,171,2025-12-20 00:00:00,DELIVERED,APAC
93,223,2025-09-06 00:00:00,DELIVERED,EU-CENTRAL
94,385,2025-09-15 00:00:00,DELIVERED,LATAM
95,202,2027-04-07 00:00:00,DELIVERED,APAC
96,283,2026-05-26 00:00:00,CANCELLED,APAC
97,503,2024-06-08 00:00:00,SHIPPED,EU-CENTRAL
98,231,2026-07-28 00:00:00,DELIVERED,NA-WEST
99,343,2025-08-13 00:00:00,DELIVERED,EU-WEST
100,26,2025-10-09 00:00:00,DELIVERED,APAC
101,404,2025-05-31 00:00:00,SHIPPED,EU-CENTRAL
102,321,2025-02-12 00:00:00,DELIVERED,NA-WEST
103,537,2024-07-19 00:00:00,SHIPPED,NA-EAST
104,434,2025-08-12 00:00:00,DELIVERED,NA-WEST
105,,2024-11-08 00:00:00,DELIVERED,EU-WEST
106,88,2025-01-17 00:00:00,SHIPPED,NA-EAST
107,313,2024-01-15 00:00:00,DELIVERED,NA-EAST
108,368,2025-07-13 00:00:00,DELIVERED,NA-WEST
109,132,2024-02-14 00:00:00,DELIVERED,APAC
110,272,2024-03-09 00:00:00,CANCELLED,NA-EAST
111,428,2025-12-27 00:00:00,PLACED,NA-WEST
112,313,23-01-2024,DELIVERED,EU-WEST
113,242,2025-12-01 00:00:00,RETURNED,APAC
114,141,2024-08-18 00:00:00,PLACED,EU-WEST
115,82,2025-12-03 00:00:00,DELIVERED,EU-CENTRAL
116,422,2026-03-30 00:00:00,CANCELLED,EU-WEST
117,122,2024-11-21 00:00:00,SHIPPED,NA-WEST
118,281,2024-11-06 00:00:00,SHIPPED,NA-WEST
119,138,2025-01-02 00:00:00,DELIVERED,APAC
120,302,2024-05-20 00:00:00,DELIVERED,NA-EAST
121,68,2025-11-18 00:00:00,SHIPPED,EU-WEST
122,282,2025-03-13 00:00:00,DELIVERED,EU-WEST
123,463,2025-12-22 00:00:00,DELIVERED,NA-EAST
124,34,2026-01-22 00:00:00,SHIPPED,EU-WEST
125,547,2025-04-17 00:00:00,DELIVERED,NA-WEST
126,560,27-05-2025,SHIPPED,EU-WEST
127,93,2025-12-30 00:00:00,DELIVERED,LATAM
128,333,2026-01-20 00:00:00,DELIVERED,NA-EAST
129,110,2024-06-12 00:00:00,CANCELLED,APAC
130,430,2024-05-28 00:00:00,DELIVERED,LATAM
131,13,26-07-2024,DELIVERED,EU-WEST
132,7,2025-05-02 00:00:00,SHIPPED,APAC
133,267,2024-07-31 00:00:00,PLACED,NA-EAST
134,113,2026-07-31 00:00:00,SHIPPED,EU-CENTRAL
135,42,2024-11-26 00:00:00,DELIVERED,APAC
136,538,2026-05-30 00:00:00,SHIPPED,NA-WEST
137,295,2025-12-06 00:00:00,DELIVERED,EU-CENTRAL
138,298,2026-04-07 00:00:00,RETURNED,NA-EAST
139,,2025-02-28 00:00:00,CANCELLED,NA-WEST
140,454,2026-03-20 00:00:00,DELIVERED,NA-EAST
141,363,2024-07-17 00:00:00,CANCELLED,NA-EAST
142,424,2026-07-06 00:00:00,RETURNED,NA-EAST
143,490,2024-11-19 00:00:00,DELIVERED,EU-CENTRAL
144,170,2024-12-13 00:00:00,DELIVERED,EU-WEST
145,21,2024-11-11 00:00:00,DELIVERED,NA-EAST
146,56,2024-11-05 00:00:00,DELIVERED,NA-EAST
147,368,2026-07-15 00:00:00,DELIVERED,APAC
148,288,2024-05-15 00:00:00,DELIVERED,APAC
149,106,30-03-2024,DELIVERED,LATAM
150,329,2026-02-15 00:00:00,SHIPPED,EU-CENTRAL
151,58,2024-04-30 00:00:00,PLACED,APAC
152,202,2025-07-16 00:00:00,DELIVERED,NA-WEST
153,34,2025-03-30 00:00:00,SHIPPED,NA-EAST
154,457,2026-07-01 00:00:00,DELIVERED,EU-CENTRAL
155,480,2025-08-04 00:00:00,PLACED,EU-CENTRAL
156,114,2025-09-23 00:00:00,DELIVERED,LATAM
157,360,2025-05-14 00:00:00,DELIVERED,NA-WEST
158,110,2025-06-04 00:00:00,DELIVERED,LATAM
159,562,2025-08-27 00:00:00,SHIPPED,EU-WEST
160,581,2025-08-28 00:00:00,DELIVERED,APAC
161,329,2025-04-19 00:00:00,SHIPPED,EU-WEST
162,93,2024-12-01 00:00:00,SHIPPED,NA-WEST
163,400,2025-11-07 00:00:00,DELIVERED,EU-WEST
164,446,2025-11-26 00:00:00,DELIVERED,EU-CENTRAL
165,207,06-06-2025,PLACED,APAC
166,532,2025-01-02 00:00:00,SHIPPED,LATAM
167,178,2025-02-19 00:00:00,DELIVERED,NA-WEST
168,129,2025-03-03 00:00:00,SHIPPED,NA-EAST
169,87,2025-11-04 00:00:00,SHIPPED,EU-WEST
170,5,2025-01-28 00:00:00,DELIVERED,LATAM
171,536,2025-07-13 00:00:00,DELIVERED,LATAM
172,287,2024-03-22 00:00:00,DELIVERED,NA-EAST
173,594,2025-11-15 00:00:00,DELIVERED,NA-EAST
174,302,2024-12-05 00:00:00,DELIVERED,NA-EAST
175,,2025-08-15 00:00:00,CANCELLED,APAC
176,282,2024-10-11 00:00:00,CANCELLED,NA-EAST
177,180,2026-01-26 00:00:00,DELIVERED,LATAM
178,587,2024-02-03 00:00:00,DELIVERED,NA-WEST
179,172,27-01-2025,SHIPPED,LATAM
180,488,2024-04-28 00:00:00,DELIVERED,LATAM
181,,2025-11-30 00:00:00,DELIVERED,EU-WEST
182,43,2025-11-25 00:00:00,PLACED,APAC
183,53,2024-10-06 00:00:00,DELIVERED,APAC
184,114,2026-02-27 00:00:00,DELIVERED,NA-EAST
185,,2025-12-02 00:00:00,DELIVERED,NA-EAST
186,59,2025-11-03 00:00:00,DELIVERED,NA-EAST
187,556,2025-12-13 00:00:00,DELIVERED,EU-CENTRAL
188,555,2026-02-27 00:00:00,DELIVERED,NA-EAST
189,504,2026-04-12 00:00:00,RETURNED,NA-WEST
190,,2025-03-17 00:00:00,DELIVERED,NA-EAST
191,153,2026-03-06 00:00:00,DELIVERED,NA-EAST
192,516,2025-12-17 00:00:00,DELIVERED,EU-WEST
193,368,2025-07-07 00:00:00,SHIPPED,APAC
194,93,2025-02-14 00:00:00,DELIVERED,EU-CENTRAL
195,394,2025-10-25 00:00:00,DELIVERED,EU-CENTRAL
196,527,2026-01-22 00:00:00,DELIVERED,APAC
197,,20-10-2025,RETURNED,NA-EAST
198,536,2025-02-19 00:00:00,DELIVERED,LATAM
199,,2025-09-25 00:00:00,PLACED,LATAM
200,412,2025-03-12 00:00:00,DELIVERED,LATAM
201,112,2026-03-23 00:00:00,DELIVERED,NA-EAST
202,137,2025-03-25 00:00:00,PLACED,LATAM
203,48,2025-05-13 00:00:00,DELIVERED,APAC
204,536,2024-05-09 00:00:00,DELIVERED,NA-WEST
205,165,2024-11-04 00:00:00,SHIPPED,APAC
206,214,2025-07-06 00:00:00,DELIVERED,NA-WEST
207,542,2026-07-22 00:00:00,PLACED,EU-CENTRAL
208,551,2025-04-09 00:00:00,SHIPPED,NA-EAST
209,430,2026-01-08 00:00:00,SHIPPED,LATAM
210,205,2024-08-21 00:00:00,DELIVERED,NA-WEST
211,466,2025-03-22 00:00:00,SHIPPED,EU-CENTRAL
212,479,2024-10-03 00:00:00,PLACED,NA-WEST
213,161,2026-02-17 00:00:00,DELIVERED,LATAM
214,222,2024-03-29 00:00:00,DELIVERED,EU-WEST
215,228,2024-09-09 00:00:00,CANCELLED,APAC
216,53,2024-02-04 00:00:00,DELIVERED,NA-WEST
217,561,2024-05-15 00:00:00,PLACED,LATAM
218,476,2025-02-19 00:00:00,DELIVERED,NA-EAST
219,196,2024-12-06 00:00:00,DELIVERED,APAC
220,274,2024-12-09 00:00:00,CANCELLED,NA-EAST
221,69,2025-01-10 00:00:00,DELIVERED,NA-WEST
222,231,2025-12-20 00:00:00,DELIVERED,EU-CENTRAL
223,540,2025-01-16 00:00:00,CANCELLED,EU-WEST
224,41,2024-10-26 00:00:00,SHIPPED,EU-WEST
225,587,2024-03-19 00:00:00,DELIVERED,NA-WEST
226,262,2025-11-29 00:00:00,DELIVERED,LATAM
227,335,2025-10-22 00:00:00,DELIVERED,LATAM
228,314,2024-11-07 00:00:00,SHIPPED,EU-CENTRAL
229,339,2026-05-15 00:00:00,RETURNED,APAC
230,166,2025-12-10 00:00:00,SHIPPED,NA-EAST
231,36,2025-01-13 00:00:00,DELIVERED,EU-CENTRAL
232,415,2025-06-30 00:00:00,RETURNED,NA-WEST
233,486,2025-06-03 00:00:00,CANCELLED,APAC
234,363,2025-03-28 00:00:00,CANCELLED,NA-WEST
235,124,2025-04-01 00:00:00,DELIVERED,NA-WEST
236,402,2025-02-07 00:00:00,RETURNED,LATAM
237,262,2025-01-13 00:00:00,DELIVERED,EU-WEST
238,435,2024-10-22 00:00:00,DELIVERED,EU-WEST
239,538,2024-07-31 00:00:00,RETURNED,NA-EAST
240,425,2024-01-07 00:00:00,SHIPPED,EU-WEST
241,,05-11-2024,DELIVERED,NA-WEST
242,484,2024-09-25 00:00:00,SHIPPED,LATAM
243,198,2025-12-05 00:00:00,DELIVERED,NA-EAST
244,490,11-12-2025,PLACED,EU-CENTRAL
245,366,2024-11-23 00:00:00,SHIPPED,EU-CENTRAL
246,79,2024-02-19 00:00:00,DELIVERED,LATAM
247,209,2025-07-10 00:00:00,DELIVERED,LATAM
248,202,2026-04-23 00:00:00,DELIVERED,EU-WEST
249,123,2024-08-11 00:00:00,DELIVERED,APAC
250,340,2025-12-20 00:00:00,CANCELLED,NA-EAST
251,329,2024-11-15 00:00:00,CANCELLED,APAC
252,228,2024-11-07 00:00:00,SHIPPED,LATAM
253,368,13-03-2026,DELIVERED,NA-EAST
254,568,2025-11-06 00:00:00,CANCELLED,NA-EAST
255,,2026-03-12 00:00:00,SHIPPED,EU-CENTRAL
256,248,2024-12-22 00:00:00,DELIVERED,NA-EAST
257,5,2024-10-15 00:00:00,RETURNED,NA-EAST
258,451,2025-05-01 00:00:00,DELIVERED,NA-EAST
259,127,2025-02-21 00:00:00,DELIVERED,APAC
260,202,2024-03-25 00:00:00,DELIVERED,LATAM
261,439,2025-07-21 00:00:00,SHIPPED,NA-EAST
262,504,2025-01-11 00:00:00,DELIVERED,EU-WEST
263,105,2024-05-26 00:00:00,DELIVERED,NA-WEST
264,512,2025-02-17 00:00:00,DELIVERED,LATAM
265,415,2025-02-13 00:00:00,RETURNED,APAC
266,70,2024-05-17 00:00:00,DELIVERED,NA-EAST
267,79,2024-06-05 00:00:00,DELIVERED,APAC
268,556,2025-11-08 00:00:00,DELIVERED,APAC
269,,2024-05-01 00:00:00,DELIVERED,NA-EAST
270,319,2024-11-06 00:00:00,SHIPPED,LATAM
271,576,2025-12-02 00:00:00,CANCELLED,APAC
272,38,2024-12-27 00:00:00,PLACED,NA-EAST
273,350,2025-08-20 00:00:00,DELIVERED,EU-WEST
274,215,2025-11-08 00:00:00,DELIVERED,LATAM
275,432,03-06-2026,DELIVERED,LATAM
276,484,2024-11-20 00:00:00,PLACED,EU-WEST
277,373,2025-11-14 00:00:00,RETURNED,NA-WEST
278,484,2024-08-07 00:00:00,DELIVERED,NA-WEST
279,42,2025-08-15 00:00:00,DELIVERED,APAC
280,528,16-11-2024,DELIVERED,APAC
281,391,2025-12-21 00:00:00,SHIPPED,LATAM
282,308,2024-09-03 00:00:00,CANCELLED,EU-WEST
283,242,23-10-2025,DELIVERED,NA-EAST
284,,2025-03-22 00:00:00,SHIPPED,NA-WEST
285,498,2025-07-17 00:00:00,DELIVERED,NA-EAST
286,373,2026-06-06 00:00:00,DELIVERED,NA-EAST
287,124,2024-08-29 00:00:00,DELIVERED,APAC
288,321,2026-06-24 00:00:00,DELIVERED,APAC
289,149,2025-03-09 00:00:00,RETURNED,EU-WEST
290,325,2025-06-30 00:00:00,DELIVERED,EU-WEST
291,,2024-05-28 00:00:00,PLACED,APAC
292,125,2024-11-12 00:00:00,DELIVERED,NA-WEST
293,165,2026-07-28 00:00:00,DELIVERED,NA-WEST
294,504,2026-03-19 00:00:00,DELIVERED,EU-WEST
295,41,2026-04-24 00:00:00,DELIVERED,APAC
296,119,2025-12-12 00:00:00,DELIVERED,LATAM
297,179,2024-11-17 00:00:00,DELIVERED,LATAM
298,231,2026-01-22 00:00:00,DELIVERED,NA-WEST
299,343,03-10-2025,SHIPPED,LATAM
300,48,2025-09-24 00:00:00,RETURNED,NA-WEST
301,196,2025-05-21 00:00:00,RETURNED,EU-CENTRAL
302,202,2026-05-26 00:00:00,DELIVERED,NA-WEST
303,470,2026-07-18 00:00:00,PLACED,EU-WEST
304,315,2025-12-04 00:00:00,DELIVERED,EU-CENTRAL
305,47,2024-12-28 00:00:00,PLACED,APAC
306,43,2025-01-14 00:00:00,DELIVERED,EU-CENTRAL
307,427,24-04-2025,DELIVERED,EU-CENTRAL
308,319,2026-05-04 00:00:00,DELIVERED,EU-CENTRAL
309,386,2024-11-16 00:00:00,DELIVERED,NA-WEST
310,159,2025-03-26 00:00:00,SHIPPED,EU-WEST
311,575,2024-02-11 00:00:00,DELIVERED,EU-WEST
312,185,2024-12-23 00:00:00,CANCELLED,LATAM
313,5,2025-08-22 00:00:00,DELIVERED,APAC
314,59,2026-06-27 00:00:00,DELIVERED,APAC
315,492,30-01-2024,DELIVERED,EU-CENTRAL
316,583,2025-04-08 00:00:00,SHIPPED,NA-EAST
317,391,2026-01-31 00:00:00,PLACED,EU-CENTRAL
318,288,2024-04-01 00:00:00,DELIVERED,EU-CENTRAL
319,318,2024-11-01 00:00:00,CANCELLED,APAC
320,398,2025-06-08 00:00:00,DELIVERED,APAC
321,343,2024-04-05 00:00:00,DELIVERED,LATAM
322,490,2024-03-26 00:00:00,DELIVERED,NA-WEST
323,556,2025-03-13 00:00:00,CANCELLED,APAC
324,364,07-11-2025,DELIVERED,NA-EAST
325,208,2026-05-13 00:00:00,DELIVERED,LATAM
326,192,2024-09-28 00:00:00,SHIPPED,NA-EAST
327,294,2024-04-18 00:00:00,SHIPPED,NA-WEST
328,499,2025-11-04 00:00:00,DELIVERED,APAC
329,56,2024-03-30 00:00:00,CANCELLED,LATAM
330,433,2025-10-26 00:00:00,SHIPPED,EU-CENTRAL
331,,2024-04-29 00:00:00,RETURNED,EU-WEST
332,567,2026-05-03 00:00:00,DELIVERED,LATAM
333,,2025-11-25 00:00:00,DELIVERED,APAC
334,22,2025-10-23 00:00:00,SHIPPED,LATAM
335,480,2025-12-02 00:00:00,SHIPPED,EU-CENTRAL
336,354,2025-11-20 00:00:00,DELIVERED,NA-WEST
337,597,2025-11-14 00:00:00,DELIVERED,NA-EAST
338,524,2024-08-28 00:00:00,DELIVERED,EU-CENTRAL
339,346,2026-07-04 00:00:00,DELIVERED,APAC
340,571,2024-12-14 00:00:00,DELIVERED,NA-WEST
341,206,2026-06-10 00:00:00,DELIVERED,APAC
342,132,07-01-2025,DELIVERED,EU-WEST
343,192,2024-12-15 00:00:00,DELIVERED,EU-WEST
344,424,2026-03-17 00:00:00,CANCELLED,EU-WEST
345,530,2024-01-31 00:00:00,RETURNED,NA-EAST
346,155,2025-03-20 00:00:00,CANCELLED,NA-EAST
347,567,2027-05-17 00:00:00,CANCELLED,LATAM
348,558,2025-12-18 00:00:00,DELIVERED,APAC
349,536,2026-03-05 00:00:00,DELIVERED,EU-WEST
350,460,2025-07-07 00:00:00,DELIVERED,EU-CENTRAL
351,433,2024-09-21 00:00:00,RETURNED,NA-EAST
352,59,2025-06-03 00:00:00,DELIVERED,APAC
353,359,2025-11-12 00:00:00,DELIVERED,LATAM
354,108,2026-01-01 00:00:00,DELIVERED,APAC
355,315,2026-04-28 00:00:00,CANCELLED,EU-WEST
356,434,2026-06-11 00:00:00,RETURNED,LATAM
357,497,2026-04-23 00:00:00,DELIVERED,NA-WEST
358,161,2025-12-12 00:00:00,RETURNED,EU-CENTRAL
359,42,2024-04-22 00:00:00,DELIVERED,NA-EAST
360,309,2025-05-12 00:00:00,PLACED,EU-CENTRAL
361,70,2025-05-15 00:00:00,CANCELLED,EU-WEST
362,136,2024-12-11 00:00:00,DELIVERED,APAC
363,420,29-11-2024,DELIVERED,EU-WEST
364,,2025-11-17 00:00:00,CANCELLED,LATAM
365,470,2024-11-12 00:00:00,PLACED,APAC
366,20,18-06-2025,SHIPPED,APAC
367,594,2026-03-16 00:00:00,DELIVERED,APAC
368,541,2024-12-14 00:00:00,DELIVERED,EU-CENTRAL
369,48,19-10-2024,SHIPPED,EU-WEST
370,306,2024-11-29 00:00:00,DELIVERED,EU-CENTRAL
371,243,2024-02-23 00:00:00,DELIVERED,APAC
372,513,2024-11-07 00:00:00,SHIPPED,NA-WEST
373,343,2027-08-09 00:00:00,RETURNED,APAC
374,360,2025-09-04 00:00:00,CANCELLED,NA-WEST
375,59,2024-03-12 00:00:00,CANCELLED,LATAM
376,351,2026-04-01 00:00:00,DELIVERED,LATAM
377,337,2024-12-15 00:00:00,PLACED,LATAM
378,501,2025-11-19 00:00:00,DELIVERED,APAC
379,456,2025-07-05 00:00:00,DELIVERED,EU-CENTRAL
380,9,2025-01-31 00:00:00,SHIPPED,EU-CENTRAL
381,561,2025-11-27 00:00:00,CANCELLED,LATAM
382,215,2024-02-07 00:00:00,PLACED,LATAM
383,478,2025-05-20 00:00:00,DELIVERED,APAC
384,234,2024-03-07 00:00:00,CANCELLED,LATAM
385,574,2025-12-10 00:00:00,CANCELLED,NA-EAST
386,281,2024-11-26 00:00:00,SHIPPED,APAC
387,460,2024-02-18 00:00:00,DELIVERED,EU-WEST
388,215,2026-07-28 00:00:00,PLACED,LATAM
389,361,2024-12-08 00:00:00,SHIPPED,EU-CENTRAL
390,38,2025-10-02 00:00:00,CANCELLED,EU-WEST
391,57,2024-05-10 00:00:00,DELIVERED,LATAM
392,49,2024-02-23 00:00:00,DELIVERED,EU-WEST
393,439,2024-01-11 00:00:00,CANCELLED,APAC
394,124,2024-01-27 00:00:00,SHIPPED,NA-EAST
395,456,2024-09-19 00:00:00,SHIPPED,NA-WEST
396,150,2024-11-14 00:00:00,SHIPPED,EU-CENTRAL
397,470,2025-11-25 00:00:00,CANCELLED,EU-WEST
398,479,2024-12-15 00:00:00,DELIVERED,EU-CENTRAL
399,339,2024-11-02 00:00:00,CANCELLED,NA-EAST
400,245,2025-12-10 00:00:00,DELIVERED,EU-CENTRAL
401,464,2025-01-06 00:00:00,SHIPPED,EU-CENTRAL
402,125,2025-01-03 00:00:00,DELIVERED,NA-WEST
403,,2025-07-21 00:00:00,CANCELLED,NA-EAST
404,170,2024-12-12 00:00:00,DELIVERED,EU-CENTRAL
405,195,2024-05-01 00:00:00,SHIPPED,EU-WEST
406,123,2025-10-13 00:00:00,CANCELLED,EU-CENTRAL
407,402,2026-03-25 00:00:00,RETURNED,EU-WEST
408,288,2025-11-10 00:00:00,DELIVERED,LATAM
409,368,2024-07-02 00:00:00,DELIVERED,EU-WEST
410,463,2024-02-07 00:00:00,CANCELLED,EU-WEST
411,558,2025-01-18 00:00:00,DELIVERED,APAC
412,443,2025-09-28 00:00:00,DELIVERED,EU-WEST
413,558,2024-08-27 00:00:00,DELIVERED,APAC
414,536,2024-08-21 00:00:00,DELIVERED,EU-CENTRAL
415,142,2027-05-10 00:00:00,RETURNED,LATAM
416,,2026-04-22 00:00:00,CANCELLED,LATAM
417,486,2024-08-21 00:00:00,SHIPPED,APAC
418,123,2025-04-17 00:00:00,DELIVERED,LATAM
419,,2024-01-31 00:00:00,DELIVERED,LATAM
420,414,2024-12-13 00:00:00,DELIVERED,LATAM
421,244,2026-03-15 00:00:00,DELIVERED,APAC
422,428,2025-01-25 00:00:00,DELIVERED,EU-WEST
423,460,05-07-2026,SHIPPED,LATAM
424,291,2024-07-22 00:00:00,SHIPPED,EU-CENTRAL
425,303,2025-06-14 00:00:00,DELIVERED,NA-EAST
426,318,2026-06-05 00:00:00,DELIVERED,LATAM
427,470,2024-11-13 00:00:00,DELIVERED,NA-EAST
428,,2025-06-22 00:00:00,DELIVERED,APAC
429,305,2026-07-29 00:00:00,DELIVERED,NA-WEST
430,542,2025-12-16 00:00:00,SHIPPED,NA-WEST
431,223,2026-07-27 00:00:00,CANCELLED,EU-WEST
432,,2024-11-29 00:00:00,DELIVERED,EU-WEST
433,200,2025-04-17 00:00:00,DELIVERED,NA-EAST
434,70,2025-11-17 00:00:00,PLACED,LATAM
435,524,2026-04-20 00:00:00,DELIVERED,NA-WEST
436,21,2024-06-06 00:00:00,CANCELLED,APAC
437,400,09-11-2025,DELIVERED,EU-WEST
438,179,01-03-2026,DELIVERED,NA-WEST
439,65,2024-12-11 00:00:00,SHIPPED,NA-EAST
440,335,2024-06-20 00:00:00,DELIVERED,LATAM
441,271,2025-03-14 00:00:00,DELIVERED,NA-EAST
442,,2025-04-14 00:00:00,DELIVERED,EU-CENTRAL
443,398,2025-09-06 00:00:00,DELIVERED,LATAM
444,494,2025-12-05 00:00:00,PLACED,NA-EAST
445,128,2024-01-14 00:00:00,DELIVERED,LATAM
446,,2024-05-20 00:00:00,DELIVERED,LATAM
447,26,2024-12-02 00:00:00,DELIVERED,EU-WEST
448,255,2024-12-16 00:00:00,CANCELLED,LATAM
449,67,25-11-2024,CANCELLED,NA-EAST
450,210,2024-05-08 00:00:00,SHIPPED,NA-EAST
451,179,2024-07-21 00:00:00,DELIVERED,APAC
452,322,2025-01-03 00:00:00,DELIVERED,APAC
453,308,2026-02-19 00:00:00,DELIVERED,NA-WEST
454,368,2024-11-09 00:00:00,PLACED,NA-WEST
455,384,2024-01-05 00:00:00,DELIVERED,EU-WEST
456,73,2025-05-16 00:00:00,DELIVERED,NA-EAST
457,262,2024-06-15 00:00:00,DELIVERED,LATAM
458,253,2025-10-28 00:00:00,SHIPPED,NA-EAST
459,151,2025-10-22 00:00:00,DELIVERED,APAC
460,83,2025-01-28 00:00:00,DELIVERED,NA-WEST
461,392,2025-12-09 00:00:00,DELIVERED,LATAM
462,353,2024-04-01 00:00:00,CANCELLED,EU-CENTRAL
463,386,2024-11-11 00:00:00,PLACED,NA-EAST
464,64,2024-06-23 00:00:00,SHIPPED,NA-WEST
465,114,2024-08-05 00:00:00,CANCELLED,NA-WEST
466,,2024-06-19 00:00:00,DELIVERED,EU-CENTRAL
467,5,2027-10-17 00:00:00,DELIVERED,NA-EAST
468,346,2026-02-18 00:00:00,DELIVERED,EU-CENTRAL
469,295,2026-04-16 00:00:00,DELIVERED,NA-EAST
470,143,2025-12-16 00:00:00,PLACED,NA-EAST
471,487,2026-04-14 00:00:00,DELIVERED,LATAM
472,47,2026-04-12 00:00:00,RETURNED,LATAM
473,488,2026-03-24 00:00:00,RETURNED,LATAM
474,562,2024-03-30 00:00:00,RETURNED,EU-WEST
475,110,2025-11-09 00:00:00,DELIVERED,LATAM
476,393,2024-01-30 00:00:00,DELIVERED,NA-WEST
477,428,2025-11-17 00:00:00,DELIVERED,EU-WEST
478,282,2025-09-07 00:00:00,DELIVERED,APAC
479,48,2024-09-22 00:00:00,DELIVERED,APAC
480,282,2025-01-11 00:00:00,DELIVERED,NA-EAST
481,130,2027-08-11 00:00:00,DELIVERED,APAC
482,397,2025-12-20 00:00:00,RETURNED,NA-EAST
483,61,2025-05-21 00:00:00,RETURNED,EU-CENTRAL
484,184,2026-04-09 00:00:00,CANCELLED,LATAM
485,293,2026-05-18 00:00:00,DELIVERED,LATAM
486,562,2024-10-16 00:00:00,DELIVERED,NA-WEST
487,592,2025-12-27 00:00:00,SHIPPED,LATAM
488,152,2025-08-12 00:00:00,DELIVERED,EU-WEST
489,547,2024-12-30 00:00:00,SHIPPED,APAC
490,386,2024-09-07 00:00:00,DELIVERED,APAC
491,92,2025-12-09 00:00:00,DELIVERED,LATAM
492,386,2024-01-12 00:00:00,DELIVERED,APAC
493,186,2025-05-06 00:00:00,DELIVERED,LATAM
494,,2024-11-29 00:00:00,SHIPPED,LATAM
495,185,2026-07-08 00:00:00,PLACED,EU-WEST
496,,2025-06-02 00:00:00,DELIVERED,LATAM
497,321,2025-03-31 00:00:00,DELIVERED,EU-CENTRAL
498,123,2025-11-09 00:00:00,SHIPPED,NA-WEST
499,433,2025-01-02 00:00:00,PLACED,EU-CENTRAL
500,315,2025-04-12 00:00:00,RETURNED,NA-WEST
501,321,2024-06-16 00:00:00,DELIVERED,APAC
502,48,2025-12-01 00:00:00,DELIVERED,EU-CENTRAL
503,151,2024-10-07 00:00:00,DELIVERED,NA-EAST
504,502,2026-06-15 00:00:00,PLACED,EU-CENTRAL
505,229,2025-09-14 00:00:00,RETURNED,EU-WEST
506,160,2024-05-10 00:00:00,DELIVERED,NA-WEST
507,350,2024-07-06 00:00:00,DELIVERED,EU-CENTRAL
508,90,2026-04-13 00:00:00,RETURNED,EU-WEST
509,205,05-04-2024,DELIVERED,EU-WEST
510,,2026-01-18 00:00:00,DELIVERED,EU-WEST
511,427,2025-12-20 00:00:00,DELIVERED,NA-EAST
512,64,2026-07-14 00:00:00,DELIVERED,NA-EAST
513,553,2024-04-25 00:00:00,CANCELLED,NA-EAST
514,528,2025-08-05 00:00:00,CANCELLED,NA-EAST
515,,2024-02-28 00:00:00,DELIVERED,NA-EAST
516,203,2024-12-29 00:00:00,PLACED,APAC
517,232,2024-01-08 00:00:00,DELIVERED,EU-CENTRAL
518,450,11-04-2026,SHIPPED,EU-CENTRAL
519,64,22-07-2024,DELIVERED,LATAM
520,273,2025-11-13 00:00:00,SHIPPED,EU-WEST
521,410,2024-11-28 00:00:00,DELIVERED,LATAM
522,243,2027-08-10 00:00:00,PLACED,EU-CENTRAL
523,524,2026-02-18 00:00:00,SHIPPED,EU-CENTRAL
524,106,2025-03-15 00:00:00,DELIVERED,APAC
525,281,2024-08-22 00:00:00,RETURNED,NA-WEST
526,237,2024-02-22 00:00:00,SHIPPED,EU-WEST
527,267,07-11-2024,DELIVERED,NA-WEST
528,330,2024-02-11 00:00:00,SHIPPED,EU-WEST
529,523,2025-01-07 00:00:00,DELIVERED,NA-WEST
530,216,2025-09-11 00:00:00,DELIVERED,NA-EAST
531,196,2024-05-03 00:00:00,SHIPPED,EU-WEST
532,,2024-12-17 00:00:00,DELIVERED,NA-WEST
533,274,2026-07-17 00:00:00,DELIVERED,LATAM
534,478,2025-12-14 00:00:00,PLACED,LATAM
535,394,2024-03-17 00:00:00,DELIVERED,EU-WEST
536,151,2025-12-25 00:00:00,DELIVERED,EU-CENTRAL
537,285,31-08-2024,RETURNED,EU-CENTRAL
538,563,2025-01-12 00:00:00,DELIVERED,NA-WEST
539,551,2024-10-13 00:00:00,DELIVERED,APAC
540,565,2025-10-31 00:00:00,SHIPPED,EU-WEST
541,321,2025-02-08 00:00:00,DELIVERED,EU-WEST
542,185,2026-06-02 00:00:00,DELIVERED,NA-EAST
543,555,2025-12-04 00:00:00,DELIVERED,EU-WEST
544,13,2025-06-23 00:00:00,DELIVERED,EU-WEST
545,275,2027-02-18 00:00:00,SHIPPED,LATAM
546,455,2024-07-26 00:00:00,CANCELLED,EU-CENTRAL
547,22,2025-12-09 00:00:00,CANCELLED,NA-EAST
548,25,2025-03-01 00:00:00,SHIPPED,EU-WEST
549,116,2025-12-04 00:00:00,DELIVERED,NA-EAST
550,87,2024-05-01 00:00:00,CANCELLED,APAC
551,357,2025-12-04 00:00:00,CANCELLED,EU-CENTRAL
552,77,2026-03-28 00:00:00,DELIVERED,NA-WEST
553,286,2026-04-14 00:00:00,SHIPPED,EU-CENTRAL
554,424,2024-11-22 00:00:00,DELIVERED,LATAM
555,552,2024-09-08 00:00:00,DELIVERED,APAC
556,225,2026-01-02 00:00:00,DELIVERED,NA-WEST
557,460,2024-05-22 00:00:00,RETURNED,EU-WEST
558,147,2024-05-21 00:00:00,DELIVERED,NA-EAST
559,178,2024-01-31 00:00:00,PLACED,APAC
560,,2024-11-02 00:00:00,DELIVERED,LATAM
561,516,2025-10-19 00:00:00,SHIPPED,EU-WEST
562,597,2025-05-28 00:00:00,DELIVERED,NA-EAST
563,293,2024-08-04 00:00:00,SHIPPED,LATAM
564,298,2025-12-10 00:00:00,CANCELLED,NA-WEST
565,257,2024-10-03 00:00:00,PLACED,EU-CENTRAL
566,21,2024-11-12 00:00:00,SHIPPED,NA-EAST
567,9,2024-02-19 00:00:00,RETURNED,EU-CENTRAL
568,,2024-04-09 00:00:00,SHIPPED,NA-WEST
569,81,2024-10-24 00:00:00,CANCELLED,NA-EAST
570,165,2025-11-28 00:00:00,RETURNED,APAC
571,348,2026-02-26 00:00:00,DELIVERED,APAC
572,77,2024-09-01 00:00:00,RETURNED,APAC
573,90,2024-11-12 00:00:00,DELIVERED,EU-WEST
574,340,2024-12-27 00:00:00,DELIVERED,EU-WEST
575,133,2025-02-14 00:00:00,DELIVERED,APAC
576,44,2025-11-29 00:00:00,DELIVERED,LATAM
577,298,2025-07-28 00:00:00,DELIVERED,APAC
578,477,2024-12-23 00:00:00,SHIPPED,NA-WEST
579,67,2026-02-25 00:00:00,DELIVERED,APAC
580,219,2025-07-12 00:00:00,DELIVERED,NA-EAST
581,485,2026-04-07 00:00:00,SHIPPED,NA-WEST
582,584,2024-10-03 00:00:00,PLACED,EU-WEST
583,547,2025-11-16 00:00:00,PLACED,EU-WEST
584,549,2024-12-23 00:00:00,DELIVERED,NA-WEST
585,125,2025-08-07 00:00:00,PLACED,LATAM
586,340,2026-01-20 00:00:00,RETURNED,EU-WEST
587,462,2025-02-20 00:00:00,RETURNED,NA-WEST
588,431,2024-02-07 00:00:00,DELIVERED,NA-WEST
589,59,2024-01-17 00:00:00,DELIVERED,LATAM
590,317,2024-12-09 00:00:00,DELIVERED,APAC
591,53,27-11-2025,RETURNED,NA-EAST
592,558,2025-02-25 00:00:00,PLACED,EU-WEST
593,339,2026-05-22 00:00:00,DELIVERED,NA-EAST
594,230,2026-01-28 00:00:00,DELIVERED,EU-CENTRAL
595,425,2025-11-20 00:00:00,PLACED,NA-EAST
596,441,2024-11-21 00:00:00,SHIPPED,EU-WEST
597,178,2025-03-15 00:00:00,DELIVERED,EU-CENTRAL
598,490,2026-03-31 00:00:00,DELIVERED,LATAM
599,321,2024-11-26 00:00:00,PLACED,APAC
600,228,2025-01-01 00:00:00,DELIVERED,APAC
601,584,2025-11-06 00:00:00,DELIVERED,LATAM
602,185,2025-09-02 00:00:00,CANCELLED,NA-EAST
603,23,2024-07-31 00:00:00,DELIVERED,EU-WEST
604,113,07-04-2026,DELIVERED,LATAM
605,560,2024-12-17 00:00:00,PLACED,APAC
606,150,2024-06-05 00:00:00,PLACED,NA-WEST
607,561,2024-10-01 00:00:00,DELIVERED,APAC
608,288,2024-09-13 00:00:00,RETURNED,NA-EAST
609,444,2026-03-24 00:00:00,CANCELLED,EU-WEST
610,41,2025-03-15 00:00:00,DELIVERED,NA-EAST
611,114,2025-06-27 00:00:00,CANCELLED,EU-WEST
612,223,2025-11-03 00:00:00,SHIPPED,EU-CENTRAL
613,202,2026-07-09 00:00:00,DELIVERED,APAC
614,432,2025-11-18 00:00:00,DELIVERED,EU-WEST
615,335,2025-03-07 00:00:00,DELIVERED,NA-WEST
616,,2024-10-18 00:00:00,CANCELLED,APAC
617,554,08-10-2024,DELIVERED,EU-CENTRAL
618,125,2024-11-01 00:00:00,CANCELLED,APAC
619,321,2024-05-22 00:00:00,SHIPPED,NA-EAST
620,547,2026-07-13 00:00:00,DELIVERED,NA-EAST
621,389,2024-12-03 00:00:00,DELIVERED,NA-WEST
622,424,2024-11-22 00:00:00,DELIVERED,LATAM
623,368,2025-11-08 00:00:00,SHIPPED,EU-CENTRAL
624,80,06-11-2025,PLACED,EU-WEST
625,136,2025-01-29 00:00:00,CANCELLED,APAC
626,399,2025-12-26 00:00:00,SHIPPED,NA-WEST
627,315,2024-07-11 00:00:00,RETURNED,APAC
628,340,2026-02-01 00:00:00,SHIPPED,NA-EAST
629,294,2024-03-27 00:00:00,DELIVERED,APAC
630,283,2024-07-17 00:00:00,DELIVERED,EU-WEST
631,590,2024-08-12 00:00:00,DELIVERED,NA-EAST
632,53,2025-12-17 00:00:00,SHIPPED,LATAM
633,295,2024-12-21 00:00:00,DELIVERED,NA-EAST
634,245,2026-01-26 00:00:00,SHIPPED,LATAM
635,113,2027-06-16 00:00:00,RETURNED,NA-EAST
636,484,2025-08-20 00:00:00,SHIPPED,NA-EAST
637,209,2026-02-12 00:00:00,CANCELLED,EU-CENTRAL
638,270,2024-09-16 00:00:00,DELIVERED,EU-CENTRAL
639,22,2025-05-10 00:00:00,SHIPPED,EU-WEST
640,442,2025-05-24 00:00:00,DELIVERED,LATAM
641,307,23-12-2024,RETURNED,EU-CENTRAL
642,6,2026-03-22 00:00:00,DELIVERED,LATAM
643,67,2025-11-11 00:00:00,DELIVERED,NA-EAST
644,,2024-05-06 00:00:00,DELIVERED,NA-EAST
645,89,2025-11-12 00:00:00,DELIVERED,NA-WEST
646,270,2024-03-23 00:00:00,SHIPPED,LATAM
647,478,2026-07-31 00:00:00,DELIVERED,EU-CENTRAL
648,309,2024-09-13 00:00:00,DELIVERED,EU-CENTRAL
649,329,2026-05-03 00:00:00,DELIVERED,APAC
650,432,2026-07-23 00:00:00,PLACED,NA-WEST
651,580,2025-06-08 00:00:00,CANCELLED,NA-EAST
652,110,2024-03-27 00:00:00,DELIVERED,NA-EAST
653,524,2026-06-04 00:00:00,DELIVERED,NA-EAST
654,159,2025-05-22 00:00:00,DELIVERED,EU-CENTRAL
655,568,2024-04-27 00:00:00,DELIVERED,NA-WEST
656,308,2025-03-30 00:00:00,DELIVERED,NA-WEST
657,14,2025-09-23 00:00:00,SHIPPED,LATAM
658,297,2025-07-13 00:00:00,DELIVERED,APAC
659,436,2025-12-15 00:00:00,SHIPPED,EU-CENTRAL
660,456,2024-11-06 00:00:00,PLACED,EU-CENTRAL
661,397,2024-10-10 00:00:00,CANCELLED,APAC
662,361,2025-06-09 00:00:00,DELIVERED,APAC
663,368,2025-11-05 00:00:00,DELIVERED,EU-WEST
664,595,2025-06-22 00:00:00,DELIVERED,APAC
665,55,2026-01-20 00:00:00,DELIVERED,LATAM
666,179,2026-03-25 00:00:00,DELIVERED,EU-WEST
667,555,2025-09-18 00:00:00,DELIVERED,EU-CENTRAL
668,137,2024-11-24 00:00:00,RETURNED,APAC
669,95,2025-11-26 00:00:00,DELIVERED,APAC
670,6,2024-04-08 00:00:00,DELIVERED,EU-WEST
671,541,2025-11-29 00:00:00,DELIVERED,NA-WEST
672,317,2026-05-23 00:00:00,DELIVERED,NA-EAST
673,439,2024-04-13 00:00:00,DELIVERED,NA-WEST
674,184,2025-10-30 00:00:00,SHIPPED,NA-EAST
675,578,2026-06-18 00:00:00,CANCELLED,LATAM
676,359,2024-04-16 00:00:00,DELIVERED,EU-CENTRAL
677,201,2024-02-26 00:00:00,DELIVERED,EU-WEST
678,574,2024-02-23 00:00:00,DELIVERED,EU-WEST
679,35,2025-01-11 00:00:00,SHIPPED,NA-EAST
680,16,2025-07-03 00:00:00,CANCELLED,NA-WEST
681,178,2024-07-03 00:00:00,RETURNED,NA-WEST
682,211,2024-03-19 00:00:00,DELIVERED,LATAM
683,107,2024-09-30 00:00:00,PLACED,EU-WEST
684,,2024-08-24 00:00:00,DELIVERED,NA-WEST
685,391,2026-02-21 00:00:00,CANCELLED,EU-CENTRAL
686,394,27-03-2024,DELIVERED,EU-WEST
687,,2024-07-29 00:00:00,PLACED,EU-CENTRAL
688,269,20-07-2026,CANCELLED,APAC
689,205,2026-04-06 00:00:00,CANCELLED,APAC
690,479,15-06-2025,DELIVERED,NA-WEST
691,439,2024-10-07 00:00:00,DELIVERED,APAC
692,13,2025-11-06 00:00:00,SHIPPED,APAC
693,271,26-03-2025,DELIVERED,APAC
694,322,2024-03-22 00:00:00,RETURNED,EU-WEST
695,536,2025-11-02 00:00:00,SHIPPED,APAC
696,266,2026-01-04 00:00:00,RETURNED,NA-EAST
697,55,2026-01-05 00:00:00,PLACED,EU-WEST
698,426,2025-08-07 00:00:00,PLACED,EU-WEST
699,384,2026-03-18 00:00:00,DELIVERED,EU-CENTRAL
700,223,2024-01-27 00:00:00,DELIVERED,LATAM
701,154,2024-08-08 00:00:00,DELIVERED,LATAM
702,541,2026-01-21 00:00:00,DELIVERED,APAC
703,250,2024-10-02 00:00:00,DELIVERED,EU-CENTRAL
704,420,2025-12-10 00:00:00,DELIVERED,EU-CENTRAL
705,599,2025-07-04 00:00:00,DELIVERED,APAC
706,152,2024-03-24 00:00:00,DELIVERED,LATAM
707,185,2025-04-09 00:00:00,DELIVERED,LATAM
708,398,2024-03-15 00:00:00,CANCELLED,EU-CENTRAL
709,345,2024-10-27 00:00:00,DELIVERED,APAC
710,419,2026-07-31 00:00:00,DELIVERED,LATAM
711,379,2025-06-05 00:00:00,DELIVERED,EU-WEST
712,,2025-08-25 00:00:00,DELIVERED,EU-CENTRAL
713,113,2025-03-12 00:00:00,RETURNED,NA-EAST
714,223,2024-08-03 00:00:00,PLACED,EU-CENTRAL
715,199,2026-02-10 00:00:00,SHIPPED,NA-WEST
716,7,2026-07-01 00:00:00,DELIVERED,NA-EAST
717,113,2025-06-17 00:00:00,DELIVERED,NA-EAST
718,58,2026-06-04 00:00:00,RETURNED,NA-EAST
719,76,09-10-2024,DELIVERED,EU-CENTRAL
720,9,2025-11-07 00:00:00,SHIPPED,APAC
721,529,2024-05-14 00:00:00,CANCELLED,LATAM
722,309,2025-09-17 00:00:00,DELIVERED,APAC
723,377,2026-05-10 00:00:00,DELIVERED,LATAM
724,295,2024-04-08 00:00:00,DELIVERED,EU-WEST
725,132,2025-11-07 00:00:00,DELIVERED,EU-WEST
726,399,2025-12-04 00:00:00,SHIPPED,EU-WEST
727,436,2024-11-21 00:00:00,DELIVERED,NA-EAST
728,227,2026-04-18 00:00:00,DELIVERED,NA-WEST
729,567,2024-12-07 00:00:00,PLACED,NA-EAST
730,277,2024-08-22 00:00:00,DELIVERED,NA-WEST
731,,2026-05-15 00:00:00,DELIVERED,EU-WEST
732,387,2024-09-10 00:00:00,DELIVERED,NA-WEST
733,426,2024-03-19 00:00:00,PLACED,LATAM
734,320,04-02-2025,DELIVERED,EU-WEST
735,483,2024-04-12 00:00:00,DELIVERED,EU-WEST
736,519,2025-05-09 00:00:00,SHIPPED,NA-EAST
737,26,2024-04-20 00:00:00,DELIVERED,NA-WEST
738,86,2024-11-14 00:00:00,PLACED,NA-WEST
739,485,26-03-2024,DELIVERED,APAC
740,258,2025-05-20 00:00:00,CANCELLED,NA-EAST
741,470,2024-01-06 00:00:00,DELIVERED,APAC
742,408,2025-01-19 00:00:00,DELIVERED,NA-WEST
743,422,2027-02-14 00:00:00,DELIVERED,LATAM
744,578,2025-06-19 00:00:00,DELIVERED,NA-WEST
745,484,2026-01-01 00:00:00,DELIVERED,EU-CENTRAL
746,486,2024-05-18 00:00:00,PLACED,EU-WEST
747,49,2024-01-06 00:00:00,DELIVERED,EU-CENTRAL
748,232,2024-03-09 00:00:00,DELIVERED,NA-EAST
749,377,2026-06-07 00:00:00,DELIVERED,EU-WEST
750,150,2024-07-26 00:00:00,DELIVERED,EU-CENTRAL
751,284,2024-12-04 00:00:00,RETURNED,LATAM
752,150,2024-06-21 00:00:00,PLACED,APAC
753,141,2024-11-27 00:00:00,DELIVERED,EU-WEST
754,387,2026-02-17 00:00:00,DELIVERED,LATAM
755,220,2025-06-27 00:00:00,RETURNED,LATAM
756,257,2025-07-27 00:00:00,DELIVERED,APAC
757,355,2026-06-05 00:00:00,DELIVERED,NA-WEST
758,6,14-07-2024,SHIPPED,EU-CENTRAL
759,260,13-11-2024,DELIVERED,NA-EAST
760,260,2025-02-11 00:00:00,DELIVERED,NA-EAST
761,453,2025-10-09 00:00:00,CANCELLED,NA-EAST
762,135,2025-12-23 00:00:00,PLACED,NA-EAST
763,325,2026-01-25 00:00:00,CANCELLED,NA-WEST
764,427,2025-06-12 00:00:00,CANCELLED,LATAM
765,125,2024-03-26 00:00:00,DELIVERED,EU-WEST
766,121,2024-01-04 00:00:00,DELIVERED,APAC
767,48,31-03-2024,SHIPPED,APAC
768,253,2025-04-16 00:00:00,DELIVERED,LATAM
769,183,2024-11-13 00:00:00,DELIVERED,APAC
770,266,2026-06-23 00:00:00,DELIVERED,EU-CENTRAL
771,503,2025-12-04 00:00:00,DELIVERED,APAC
772,397,2026-03-26 00:00:00,DELIVERED,LATAM
773,58,2024-09-21 00:00:00,DELIVERED,LATAM
774,567,2025-11-05 00:00:00,DELIVERED,NA-EAST
775,314,13-07-2026,SHIPPED,APAC
776,308,2025-09-07 00:00:00,PLACED,NA-WEST
777,490,2025-03-07 00:00:00,DELIVERED,NA-EAST
778,143,20-06-2025,SHIPPED,EU-CENTRAL
779,355,2024-04-02 00:00:00,DELIVERED,NA-WEST
780,165,2024-06-25 00:00:00,CANCELLED,EU-WEST
781,404,2024-12-18 00:00:00,DELIVERED,EU-WEST
782,137,2025-01-31 00:00:00,DELIVERED,EU-CENTRAL
783,28,2025-06-30 00:00:00,SHIPPED,APAC
784,46,2025-10-23 00:00:00,SHIPPED,EU-WEST
785,368,2024-06-03 00:00:00,PLACED,EU-WEST
786,415,2024-03-25 00:00:00,CANCELLED,NA-EAST
787,412,2025-12-03 00:00:00,DELIVERED,NA-EAST
788,361,2026-07-19 00:00:00,DELIVERED,APAC
789,184,2024-03-22 00:00:00,SHIPPED,APAC
790,472,2024-10-15 00:00:00,DELIVERED,APAC
791,,2024-07-02 00:00:00,DELIVERED,LATAM
792,130,2024-09-11 00:00:00,DELIVERED,LATAM
793,53,2024-03-19 00:00:00,DELIVERED,LATAM
794,183,2025-03-08 00:00:00,DELIVERED,LATAM
795,403,07-08-2025,DELIVERED,NA-WEST
796,47,2026-03-07 00:00:00,DELIVERED,NA-WEST
797,,2025-11-03 00:00:00,PLACED,NA-WEST
798,,2025-08-25 00:00:00,DELIVERED,APAC
799,511,2025-03-31 00:00:00,SHIPPED,LATAM
800,499,2025-11-07 00:00:00,DELIVERED,EU-CENTRAL
801,350,2024-11-07 00:00:00,PLACED,APAC
802,127,2024-05-14 00:00:00,PLACED,NA-WEST
803,411,2026-06-04 00:00:00,DELIVERED,EU-CENTRAL
804,326,2024-11-23 00:00:00,DELIVERED,APAC
805,161,20-04-2025,RETURNED,NA-WEST
806,177,2026-04-29 00:00:00,DELIVERED,NA-EAST
807,158,2025-02-24 00:00:00,SHIPPED,APAC
808,,2024-11-28 00:00:00,DELIVERED,EU-CENTRAL
809,469,2026-06-03 00:00:00,DELIVERED,NA-WEST
810,532,2024-11-26 00:00:00,SHIPPED,EU-WEST
811,164,07-05-2026,SHIPPED,LATAM
812,547,2025-07-04 00:00:00,DELIVERED,EU-WEST
813,451,2025-01-07 00:00:00,DELIVERED,NA-EAST
814,178,2025-01-10 00:00:00,DELIVERED,NA-WEST
815,329,2026-02-14 00:00:00,DELIVERED,EU-WEST
816,27,2026-02-18 00:00:00,SHIPPED,EU-CENTRAL
817,487,2026-01-03 00:00:00,DELIVERED,LATAM
818,29,2026-05-29 00:00:00,CANCELLED,APAC
819,82,2026-07-10 00:00:00,DELIVERED,APAC
820,351,2025-01-23 00:00:00,SHIPPED,NA-WEST
821,391,2026-03-19 00:00:00,DELIVERED,LATAM
822,21,2026-07-08 00:00:00,DELIVERED,NA-EAST
823,254,2026-03-28 00:00:00,SHIPPED,LATAM
824,273,2025-04-12 00:00:00,DELIVERED,NA-EAST
825,178,2025-06-19 00:00:00,DELIVERED,APAC
826,202,2024-02-22 00:00:00,DELIVERED,EU-WEST
827,115,2024-11-03 00:00:00,DELIVERED,EU-WEST
828,278,2024-01-01 00:00:00,DELIVERED,NA-WEST
829,255,2025-10-22 00:00:00,DELIVERED,LATAM
830,522,2025-05-14 00:00:00,DELIVERED,NA-WEST
831,188,2025-03-29 00:00:00,SHIPPED,NA-EAST
832,308,2024-11-23 00:00:00,RETURNED,NA-WEST
833,597,2026-02-23 00:00:00,DELIVERED,NA-WEST
834,257,2026-05-04 00:00:00,DELIVERED,LATAM
835,414,2026-02-19 00:00:00,PLACED,EU-WEST
836,208,2026-02-24 00:00:00,SHIPPED,LATAM
837,221,2024-11-29 00:00:00,DELIVERED,EU-WEST
838,482,2024-11-29 00:00:00,RETURNED,NA-EAST
839,279,2025-12-24 00:00:00,PLACED,NA-EAST
840,555,2024-10-18 00:00:00,DELIVERED,LATAM
841,449,2024-11-02 00:00:00,SHIPPED,APAC
842,42,2026-04-16 00:00:00,CANCELLED,LATAM
843,272,2024-07-07 00:00:00,DELIVERED,LATAM
844,438,2024-01-24 00:00:00,DELIVERED,EU-WEST
845,33,2025-06-08 00:00:00,RETURNED,EU-CENTRAL
846,561,2025-10-11 00:00:00,RETURNED,NA-EAST
847,156,2026-04-17 00:00:00,DELIVERED,NA-EAST
848,,2026-06-29 00:00:00,DELIVERED,EU-WEST
849,206,2024-11-30 00:00:00,DELIVERED,APAC
850,,2025-08-13 00:00:00,DELIVERED,NA-EAST
851,42,2026-03-09 00:00:00,DELIVERED,EU-CENTRAL
852,150,2024-06-16 00:00:00,DELIVERED,NA-EAST
853,214,2024-01-27 00:00:00,DELIVERED,EU-WEST
854,520,2025-03-01 00:00:00,DELIVERED,EU-CENTRAL
855,67,2024-04-12 00:00:00,DELIVERED,LATAM
856,179,2026-07-07 00:00:00,SHIPPED,NA-EAST
857,215,2026-02-19 00:00:00,CANCELLED,LATAM
858,156,2025-03-05 00:00:00,DELIVERED,LATAM
859,298,15-06-2024,DELIVERED,EU-CENTRAL
860,36,27-01-2024,DELIVERED,NA-WEST
861,158,2024-06-10 00:00:00,PLACED,NA-EAST
862,1,2025-03-26 00:00:00,DELIVERED,EU-WEST
863,99,2025-07-06 00:00:00,DELIVERED,LATAM
864,231,2025-06-11 00:00:00,DELIVERED,LATAM
865,209,2024-04-17 00:00:00,DELIVERED,EU-WEST
866,336,2026-06-23 00:00:00,DELIVERED,LATAM
867,584,2026-03-24 00:00:00,DELIVERED,NA-WEST
868,592,2024-07-11 00:00:00,DELIVERED,NA-WEST
869,346,2026-02-01 00:00:00,DELIVERED,NA-WEST
870,259,2025-07-16 00:00:00,DELIVERED,EU-CENTRAL
871,340,2025-07-10 00:00:00,CANCELLED,NA-EAST
872,85,2024-11-10 00:00:00,RETURNED,APAC
873,228,2025-06-07 00:00:00,DELIVERED,NA-WEST
874,544,2025-07-06 00:00:00,SHIPPED,NA-WEST
875,156,2025-09-25 00:00:00,DELIVERED,APAC
876,432,2025-02-14 00:00:00,CANCELLED,EU-WEST
877,320,2024-03-17 00:00:00,SHIPPED,LATAM
878,165,2025-02-24 00:00:00,DELIVERED,NA-WEST
879,73,2025-08-28 00:00:00,SHIPPED,EU-CENTRAL
880,198,2024-06-04 00:00:00,DELIVERED,NA-EAST
881,128,2025-04-27 00:00:00,DELIVERED,APAC
882,391,2026-06-15 00:00:00,CANCELLED,EU-CENTRAL
883,91,2026-02-15 00:00:00,RETURNED,APAC
884,287,2025-03-18 00:00:00,CANCELLED,LATAM
885,498,2024-03-26 00:00:00,SHIPPED,EU-WEST
886,101,2025-11-14 00:00:00,DELIVERED,NA-EAST
887,404,2025-12-27 00:00:00,DELIVERED,NA-EAST
888,114,2025-11-16 00:00:00,PLACED,EU-CENTRAL
889,353,2026-07-01 00:00:00,DELIVERED,NA-WEST
890,95,2025-12-16 00:00:00,SHIPPED,APAC
891,234,2024-04-01 00:00:00,DELIVERED,EU-CENTRAL
892,392,2024-11-16 00:00:00,SHIPPED,LATAM
893,492,2024-06-21 00:00:00,DELIVERED,APAC
894,78,2025-07-05 00:00:00,SHIPPED,NA-EAST
895,546,2026-05-22 00:00:00,DELIVERED,NA-WEST
896,85,28-03-2026,DELIVERED,NA-WEST
897,27,2025-07-15 00:00:00,DELIVERED,LATAM
898,14,2024-05-28 00:00:00,CANCELLED,EU-WEST
899,405,2025-08-04 00:00:00,DELIVERED,LATAM
900,165,2024-09-26 00:00:00,DELIVERED,EU-CENTRAL
901,520,2025-08-15 00:00:00,DELIVERED,APAC
902,568,2026-01-07 00:00:00,CANCELLED,NA-WEST
903,,2025-09-25 00:00:00,RETURNED,NA-WEST
904,152,2026-07-06 00:00:00,PLACED,EU-CENTRAL
905,137,2025-12-31 00:00:00,RETURNED,NA-WEST
906,521,2024-11-07 00:00:00,RETURNED,NA-WEST
907,367,2026-06-02 00:00:00,DELIVERED,NA-EAST
908,184,2026-01-20 00:00:00,CANCELLED,NA-EAST
909,397,2024-04-01 00:00:00,CANCELLED,EU-WEST
910,319,2024-04-08 00:00:00,CANCELLED,EU-WEST
911,348,25-12-2024,DELIVERED,NA-EAST
912,383,2027-07-10 00:00:00,PLACED,NA-EAST
913,391,2026-05-29 00:00:00,SHIPPED,NA-WEST
914,,10-08-2025,DELIVERED,EU-WEST
915,531,2024-10-25 00:00:00,SHIPPED,NA-EAST
916,562,2026-07-31 00:00:00,CANCELLED,EU-WEST
917,,09-09-2024,SHIPPED,EU-WEST
918,533,2025-12-25 00:00:00,PLACED,LATAM
919,125,2024-07-24 00:00:00,DELIVERED,LATAM
920,314,2024-11-25 00:00:00,DELIVERED,EU-CENTRAL
921,484,12-02-2024,DELIVERED,LATAM
922,123,2024-01-29 00:00:00,DELIVERED,APAC
923,542,2026-05-19 00:00:00,CANCELLED,NA-EAST
924,,2024-11-23 00:00:00,DELIVERED,APAC
925,170,2025-12-06 00:00:00,DELIVERED,EU-CENTRAL
926,179,2025-02-15 00:00:00,DELIVERED,EU-CENTRAL
927,280,2024-11-13 00:00:00,DELIVERED,NA-EAST
928,260,11-07-2026,DELIVERED,LATAM
929,229,2026-02-24 00:00:00,PLACED,NA-EAST
930,183,2024-07-06 00:00:00,RETURNED,LATAM
931,132,2024-09-24 00:00:00,RETURNED,APAC
932,288,2024-04-21 00:00:00,SHIPPED,LATAM
933,157,2026-01-12 00:00:00,DELIVERED,EU-CENTRAL
934,206,2025-10-21 00:00:00,DELIVERED,NA-WEST
935,252,2025-03-25 00:00:00,DELIVERED,EU-CENTRAL
936,405,2024-02-28 00:00:00,DELIVERED,APAC
937,163,2024-02-09 00:00:00,PLACED,NA-EAST
938,361,2025-07-31 00:00:00,RETURNED,LATAM
939,339,2025-11-30 00:00:00,DELIVERED,NA-WEST
940,,2026-06-22 00:00:00,CANCELLED,NA-WEST
941,362,2026-05-22 00:00:00,SHIPPED,EU-WEST
942,295,2025-04-19 00:00:00,SHIPPED,APAC
943,419,2025-09-25 00:00:00,DELIVERED,EU-CENTRAL
944,423,2025-10-29 00:00:00,PLACED,NA-WEST
945,25,2025-06-13 00:00:00,DELIVERED,EU-WEST
946,295,2025-11-27 00:00:00,DELIVERED,NA-WEST
947,324,2026-01-26 00:00:00,DELIVERED,APAC
948,55,2024-03-28 00:00:00,DELIVERED,NA-EAST
949,223,2024-11-10 00:00:00,DELIVERED,EU-WEST
950,302,2024-06-04 00:00:00,SHIPPED,APAC
951,14,2025-04-29 00:00:00,DELIVERED,EU-CENTRAL
952,581,2026-07-04 00:00:00,DELIVERED,EU-CENTRAL
953,125,2025-11-24 00:00:00,RETURNED,EU-CENTRAL
954,17,2024-12-29 00:00:00,DELIVERED,APAC
955,25,2024-07-15 00:00:00,DELIVERED,NA-WEST
956,470,2024-12-11 00:00:00,DELIVERED,EU-CENTRAL
957,310,01-10-2025,DELIVERED,EU-WEST
958,274,2025-11-19 00:00:00,CANCELLED,EU-WEST
959,202,2026-01-06 00:00:00,DELIVERED,EU-WEST
960,24,2024-11-22 00:00:00,CANCELLED,NA-EAST
961,523,2026-03-08 00:00:00,DELIVERED,EU-CENTRAL
962,59,2024-12-04 00:00:00,PLACED,NA-WEST
963,239,2024-04-03 00:00:00,SHIPPED,LATAM
964,191,2025-12-26 00:00:00,DELIVERED,LATAM
965,125,2024-07-08 00:00:00,DELIVERED,APAC
966,230,2026-02-18 00:00:00,DELIVERED,NA-WEST
967,224,2025-09-07 00:00:00,DELIVERED,EU-CENTRAL
968,67,2025-11-30 00:00:00,PLACED,EU-WEST
969,457,2026-04-17 00:00:00,PLACED,LATAM
970,68,2026-07-25 00:00:00,DELIVERED,LATAM
971,386,2025-05-06 00:00:00,DELIVERED,LATAM
972,333,2024-12-27 00:00:00,RETURNED,EU-WEST
973,578,2025-01-29 00:00:00,DELIVERED,EU-WEST
974,177,15-01-2024,SHIPPED,NA-WEST
975,14,2025-04-28 00:00:00,DELIVERED,NA-WEST
976,512,2024-08-21 00:00:00,DELIVERED,NA-WEST
977,363,2024-04-18 00:00:00,DELIVERED,NA-WEST
978,215,2024-11-11 00:00:00,DELIVERED,EU-WEST
979,132,2024-12-15 00:00:00,DELIVERED,EU-WEST
980,321,2025-12-05 00:00:00,DELIVERED,EU-WEST
981,330,2024-12-05 00:00:00,DELIVERED,APAC
982,587,2024-11-16 00:00:00,DELIVERED,NA-EAST
983,198,2026-01-15 00:00:00,DELIVERED,EU-CENTRAL
984,336,2025-04-30 00:00:00,DELIVERED,APAC
985,433,2024-11-23 00:00:00,SHIPPED,LATAM
986,6,16-10-2024,DELIVERED,NA-WEST
987,152,2025-03-07 00:00:00,DELIVERED,EU-WEST
988,465,2025-04-11 00:00:00,DELIVERED,APAC
989,146,07-06-2026,DELIVERED,LATAM
990,36,2025-02-09 00:00:00,DELIVERED,EU-CENTRAL
991,42,2025-12-31 00:00:00,SHIPPED,NA-EAST
992,554,2026-02-11 00:00:00,DELIVERED,NA-EAST
993,213,2025-12-12 00:00:00,DELIVERED,NA-EAST
994,231,2025-07-25 00:00:00,DELIVERED,NA-EAST
995,288,2026-06-10 00:00:00,DELIVERED,LATAM
996,132,2025-12-14 00:00:00,DELIVERED,NA-WEST
997,433,2026-04-28 00:00:00,PLACED,LATAM
998,263,2025-06-07 00:00:00,DELIVERED,EU-CENTRAL
999,525,07-04-2025,DELIVERED,NA-WEST
1000,211,2026-04-03 00:00:00,SHIPPED,APAC
1001,236,17-04-2026,DELIVERED,EU-CENTRAL
1002,257,2024-01-13 00:00:00,SHIPPED,LATAM
1003,293,2026-07-31 00:00:00,DELIVERED,LATAM
1004,34,2026-06-24 00:00:00,CANCELLED,EU-CENTRAL
1005,123,2024-04-09 00:00:00,RETURNED,LATAM
1006,568,2024-01-23 00:00:00,DELIVERED,EU-CENTRAL
1007,32,2026-07-25 00:00:00,CANCELLED,EU-WEST
1008,492,2024-10-06 00:00:00,PLACED,LATAM
1009,477,31-01-2024,DELIVERED,NA-EAST
1010,,2026-06-16 00:00:00,SHIPPED,EU-CENTRAL
1011,577,2026-04-09 00:00:00,CANCELLED,EU-WEST
1012,275,2024-02-18 00:00:00,DELIVERED,EU-WEST
1013,417,2024-05-29 00:00:00,SHIPPED,EU-WEST
1014,319,2025-11-22 00:00:00,PLACED,EU-CENTRAL
1015,169,2025-04-22 00:00:00,CANCELLED,EU-CENTRAL
1016,164,2025-09-05 00:00:00,CANCELLED,APAC
1017,,2027-09-22 00:00:00,RETURNED,APAC
1018,58,2025-12-01 00:00:00,DELIVERED,EU-CENTRAL
1019,302,2025-02-06 00:00:00,DELIVERED,NA-EAST
1020,516,2025-12-11 00:00:00,CANCELLED,APAC
1021,298,2025-12-12 00:00:00,DELIVERED,NA-WEST
1022,136,2024-01-25 00:00:00,SHIPPED,LATAM
1023,308,2025-11-08 00:00:00,DELIVERED,EU-CENTRAL
1024,,2025-08-30 00:00:00,DELIVERED,EU-CENTRAL
1025,360,27-02-2026,RETURNED,LATAM
1026,178,2025-05-01 00:00:00,DELIVERED,LATAM
1027,36,2024-12-11 00:00:00,DELIVERED,APAC
1028,29,2025-02-24 00:00:00,RETURNED,EU-WEST
1029,50,2025-08-01 00:00:00,DELIVERED,NA-EAST
1030,56,2027-12-26 00:00:00,DELIVERED,NA-EAST
1031,158,2026-03-02 00:00:00,DELIVERED,LATAM
1032,576,2026-07-22 00:00:00,DELIVERED,APAC
1033,378,16-12-2025,DELIVERED,NA-EAST
1034,271,2025-03-08 00:00:00,DELIVERED,APAC
1035,119,2024-05-03 00:00:00,DELIVERED,EU-WEST
1036,190,2025-05-04 00:00:00,DELIVERED,NA-EAST
1037,523,2025-02-04 00:00:00,SHIPPED,LATAM
1038,492,2026-04-10 00:00:00,CANCELLED,NA-WEST
1039,555,2024-06-25 00:00:00,CANCELLED,NA-EAST
1040,319,27-04-2026,PLACED,EU-CENTRAL
1041,333,2025-11-18 00:00:00,DELIVERED,NA-WEST
1042,41,2024-03-17 00:00:00,DELIVERED,LATAM
1043,259,2025-01-13 00:00:00,DELIVERED,APAC
1044,588,2025-12-12 00:00:00,SHIPPED,EU-CENTRAL
1045,196,2024-03-05 00:00:00,CANCELLED,APAC
1046,213,2026-07-17 00:00:00,SHIPPED,EU-CENTRAL
1047,556,2024-10-29 00:00:00,DELIVERED,NA-WEST
1048,346,2024-07-29 00:00:00,SHIPPED,LATAM
1049,551,2026-01-04 00:00:00,DELIVERED,EU-CENTRAL
1050,183,2025-02-06 00:00:00,RETURNED,EU-WEST
1051,502,2024-07-22 00:00:00,DELIVERED,EU-WEST
1052,56,2024-05-05 00:00:00,PLACED,NA-EAST
1053,434,13-03-2026,SHIPPED,LATAM
1054,292,2024-12-11 00:00:00,DELIVERED,NA-WEST
1055,14,2025-07-19 00:00:00,DELIVERED,EU-CENTRAL
1056,165,2025-01-27 00:00:00,PLACED,LATAM
1057,227,2024-05-07 00:00:00,SHIPPED,APAC
1058,446,2024-04-19 00:00:00,DELIVERED,APAC
1059,454,2026-05-17 00:00:00,SHIPPED,EU-WEST
1060,504,22-02-2026,DELIVERED,APAC
1061,584,2026-05-08 00:00:00,DELIVERED,APAC
1062,298,2025-02-17 00:00:00,DELIVERED,LATAM
1063,41,2025-12-03 00:00:00,DELIVERED,NA-EAST
1064,435,2025-05-17 00:00:00,PLACED,EU-CENTRAL
1065,530,2024-06-21 00:00:00,DELIVERED,NA-WEST
1066,163,2026-02-17 00:00:00,PLACED,LATAM
1067,321,2024-09-18 00:00:00,DELIVERED,NA-WEST
1068,181,2025-09-27 00:00:00,DELIVERED,EU-WEST
1069,567,2024-07-02 00:00:00,DELIVERED,LATAM
1070,279,2026-03-16 00:00:00,DELIVERED,NA-EAST
1071,576,2024-06-20 00:00:00,SHIPPED,APAC
1072,26,2025-12-28 00:00:00,PLACED,EU-WEST
1073,533,2026-01-13 00:00:00,DELIVERED,APAC
1074,130,2025-02-21 00:00:00,CANCELLED,NA-WEST
1075,527,2025-02-26 00:00:00,DELIVERED,NA-WEST
1076,144,2026-02-07 00:00:00,DELIVERED,EU-CENTRAL
1077,478,2026-07-14 00:00:00,DELIVERED,EU-CENTRAL
1078,53,2024-02-22 00:00:00,DELIVERED,NA-EAST
1079,364,2026-06-12 00:00:00,CANCELLED,APAC
1080,,2025-05-05 00:00:00,RETURNED,NA-WEST
1081,,2025-07-29 00:00:00,DELIVERED,EU-CENTRAL
1082,275,2025-04-16 00:00:00,PLACED,APAC
1083,274,2025-01-21 00:00:00,SHIPPED,NA-WEST
1084,64,2024-02-12 00:00:00,SHIPPED,APAC
1085,536,2024-08-03 00:00:00,DELIVERED,EU-WEST
1086,351,2025-05-20 00:00:00,DELIVERED,EU-CENTRAL
1087,339,2025-07-25 00:00:00,DELIVERED,EU-CENTRAL
1088,298,2024-12-02 00:00:00,PLACED,APAC
1089,430,2025-06-01 00:00:00,DELIVERED,EU-CENTRAL
1090,35,2025-11-09 00:00:00,DELIVERED,EU-WEST
1091,386,2025-01-14 00:00:00,RETURNED,EU-WEST
1092,345,2024-10-20 00:00:00,SHIPPED,EU-CENTRAL
1093,95,2027-03-02 00:00:00,RETURNED,LATAM
1094,,2024-05-16 00:00:00,DELIVERED,NA-EAST
1095,175,2025-09-21 00:00:00,CANCELLED,EU-WEST
1096,142,2025-06-22 00:00:00,PLACED,APAC
1097,291,2025-06-11 00:00:00,PLACED,EU-CENTRAL
1098,411,2024-11-09 00:00:00,DELIVERED,NA-WEST
1099,82,2024-08-03 00:00:00,PLACED,NA-EAST
1100,290,2025-04-04 00:00:00,DELIVERED,LATAM
1101,566,2025-02-23 00:00:00,DELIVERED,EU-CENTRAL
1102,262,2024-02-04 00:00:00,PLACED,NA-EAST
1103,332,2025-11-05 00:00:00,DELIVERED,EU-CENTRAL
1104,343,2025-03-01 00:00:00,SHIPPED,NA-WEST
1105,536,2026-07-18 00:00:00,DELIVERED,LATAM
1106,514,2024-12-11 00:00:00,SHIPPED,NA-WEST
1107,427,2025-06-01 00:00:00,RETURNED,APAC
1108,302,2025-04-12 00:00:00,DELIVERED,NA-EAST
1109,158,2025-08-08 00:00:00,DELIVERED,EU-CENTRAL
1110,,2025-11-15 00:00:00,PLACED,NA-WEST
1111,556,2025-02-10 00:00:00,CANCELLED,EU-CENTRAL
1112,295,2025-08-17 00:00:00,DELIVERED,NA-WEST
1113,,2024-07-24 00:00:00,DELIVERED,EU-WEST
1114,183,2024-09-21 00:00:00,DELIVERED,EU-WEST
1115,562,2024-10-22 00:00:00,DELIVERED,NA-EAST
1116,548,2024-12-11 00:00:00,DELIVERED,NA-EAST
1117,288,2024-12-30 00:00:00,CANCELLED,APAC
1118,408,2024-03-05 00:00:00,CANCELLED,APAC
1119,443,2024-12-25 00:00:00,SHIPPED,APAC
1120,233,2025-12-15 00:00:00,CANCELLED,EU-WEST
1121,333,2025-01-12 00:00:00,SHIPPED,APAC
1122,8,2025-10-26 00:00:00,RETURNED,EU-WEST
1123,565,2025-08-30 00:00:00,DELIVERED,EU-CENTRAL
1124,315,2025-10-15 00:00:00,DELIVERED,NA-EAST
1125,259,2026-04-15 00:00:00,CANCELLED,NA-EAST
1126,202,2026-01-26 00:00:00,DELIVERED,LATAM
1127,342,2025-01-06 00:00:00,DELIVERED,NA-EAST
1128,454,2024-08-25 00:00:00,DELIVERED,NA-EAST
1129,305,08-12-2025,SHIPPED,EU-WEST
1130,,2024-05-20 00:00:00,SHIPPED,EU-WEST
1131,575,2024-04-19 00:00:00,CANCELLED,NA-WEST
1132,536,2025-06-05 00:00:00,CANCELLED,APAC
1133,398,2025-07-14 00:00:00,SHIPPED,APAC
1134,128,2024-10-21 00:00:00,DELIVERED,EU-CENTRAL
1135,119,2026-02-03 00:00:00,CANCELLED,APAC
1136,542,2024-02-11 00:00:00,DELIVERED,LATAM
1137,523,2025-10-29 00:00:00,DELIVERED,EU-CENTRAL
1138,303,2026-03-15 00:00:00,DELIVERED,APAC
1139,123,2025-10-12 00:00:00,CANCELLED,LATAM
1140,163,2024-02-20 00:00:00,PLACED,NA-EAST
1141,523,2024-05-24 00:00:00,DELIVERED,APAC
1142,283,2024-08-17 00:00:00,CANCELLED,EU-WEST
1143,377,2024-05-16 00:00:00,DELIVERED,APAC
1144,53,2026-01-08 00:00:00,DELIVERED,LATAM
1145,259,2026-06-25 00:00:00,CANCELLED,LATAM
1146,336,2025-06-25 00:00:00,DELIVERED,APAC
1147,315,2024-07-10 00:00:00,DELIVERED,EU-CENTRAL
1148,,2024-12-31 00:00:00,CANCELLED,EU-CENTRAL
1149,17,2025-05-19 00:00:00,DELIVERED,NA-EAST
1150,75,2024-02-14 00:00:00,SHIPPED,APAC
1151,6,2024-08-11 00:00:00,CANCELLED,EU-WEST
1152,568,2024-04-05 00:00:00,PLACED,EU-CENTRAL
1153,284,2026-02-18 00:00:00,DELIVERED,LATAM
1154,503,2026-06-27 00:00:00,SHIPPED,APAC
1155,169,2024-12-31 00:00:00,PLACED,NA-EAST
1156,542,2024-07-16 00:00:00,DELIVERED,NA-WEST
1157,210,2024-02-02 00:00:00,DELIVERED,EU-CENTRAL
1158,21,2025-04-30 00:00:00,DELIVERED,LATAM
1159,55,2024-06-10 00:00:00,DELIVERED,LATAM
1160,333,2026-07-28 00:00:00,SHIPPED,APAC
1161,456,2025-03-11 00:00:00,DELIVERED,EU-CENTRAL
1162,385,2026-05-05 00:00:00,DELIVERED,EU-WEST
1163,428,2025-12-12 00:00:00,RETURNED,NA-EAST
1164,405,2025-12-30 00:00:00,SHIPPED,NA-WEST
1165,86,2026-06-24 00:00:00,DELIVERED,APAC
1166,211,2026-04-27 00:00:00,SHIPPED,NA-WEST
1167,560,2025-03-28 00:00:00,PLACED,EU-CENTRAL
1168,,2024-12-11 00:00:00,DELIVERED,LATAM
1169,600,2024-11-26 00:00:00,PLACED,LATAM
1170,27,2025-10-25 00:00:00,DELIVERED,EU-CENTRAL
1171,453,2026-02-09 00:00:00,CANCELLED,APAC
1172,296,2024-03-19 00:00:00,DELIVERED,NA-EAST
1173,3,2025-04-23 00:00:00,DELIVERED,NA-WEST
1174,59,2025-06-26 00:00:00,SHIPPED,NA-WEST
1175,490,09-01-2025,DELIVERED,NA-EAST
1176,303,2025-04-26 00:00:00,DELIVERED,APAC
1177,34,2024-07-08 00:00:00,RETURNED,EU-WEST
1178,184,2026-07-26 00:00:00,RETURNED,LATAM
1179,192,2024-07-11 00:00:00,SHIPPED,LATAM
1180,208,2025-11-16 00:00:00,SHIPPED,NA-WEST
1181,182,2025-06-25 00:00:00,PLACED,NA-EAST
1182,383,2025-02-03 00:00:00,DELIVERED,NA-EAST
1183,,2025-01-12 00:00:00,SHIPPED,LATAM
1184,544,2026-06-02 00:00:00,DELIVERED,NA-EAST
1185,340,2025-06-15 00:00:00,DELIVERED,NA-WEST
1186,35,2025-12-05 00:00:00,RETURNED,EU-CENTRAL
1187,49,2026-04-06 00:00:00,DELIVERED,EU-WEST
1188,247,2025-07-11 00:00:00,DELIVERED,LATAM
1189,302,2025-10-21 00:00:00,CANCELLED,LATAM
1190,417,2025-02-02 00:00:00,DELIVERED,LATAM
1191,532,2024-07-08 00:00:00,DELIVERED,EU-CENTRAL
1192,354,2024-01-14 00:00:00,DELIVERED,EU-WEST
1193,149,2026-07-18 00:00:00,DELIVERED,APAC
1194,539,2024-11-14 00:00:00,DELIVERED,APAC
1195,418,2024-12-17 00:00:00,SHIPPED,LATAM
1196,344,2024-05-31 00:00:00,DELIVERED,NA-EAST
1197,244,2025-10-07 00:00:00,DELIVERED,EU-WEST
1198,48,2024-07-27 00:00:00,CANCELLED,NA-EAST
1199,224,2026-02-02 00:00:00,DELIVERED,EU-CENTRAL
1200,377,2024-07-06 00:00:00,DELIVERED,APAC
1201,460,2024-02-11 00:00:00,PLACED,APAC
1202,542,2025-11-14 00:00:00,SHIPPED,NA-EAST
1203,463,07-05-2024,DELIVERED,NA-EAST
1204,17,2026-04-02 00:00:00,DELIVERED,EU-WEST
1205,385,2025-10-02 00:00:00,CANCELLED,LATAM
1206,468,2025-11-23 00:00:00,PLACED,APAC
1207,567,2025-08-05 00:00:00,DELIVERED,APAC
1208,123,2026-05-27 00:00:00,SHIPPED,NA-WEST
1209,572,2024-02-26 00:00:00,DELIVERED,EU-WEST
1210,222,2026-07-02 00:00:00,DELIVERED,LATAM
1211,178,2025-11-09 00:00:00,CANCELLED,APAC
1212,121,2026-07-07 00:00:00,RETURNED,LATAM
1213,558,2024-05-30 00:00:00,DELIVERED,EU-WEST
1214,,2025-08-09 00:00:00,RETURNED,NA-WEST
1215,195,2025-11-19 00:00:00,CANCELLED,EU-CENTRAL
1216,247,2026-03-06 00:00:00,DELIVERED,EU-CENTRAL
1217,,2026-05-25 00:00:00,DELIVERED,NA-EAST
1218,288,2025-02-02 00:00:00,DELIVERED,NA-EAST
1219,385,2026-05-24 00:00:00,DELIVERED,APAC
1220,182,2024-11-25 00:00:00,CANCELLED,APAC
1221,454,2024-10-03 00:00:00,DELIVERED,EU-WEST
1222,524,2025-11-18 00:00:00,DELIVERED,NA-EAST
1223,24,2025-09-08 00:00:00,DELIVERED,APAC
1224,576,2024-07-22 00:00:00,RETURNED,EU-CENTRAL
1225,1,2025-11-25 00:00:00,DELIVERED,NA-WEST
1226,560,2025-11-16 00:00:00,DELIVERED,EU-CENTRAL
1227,,2024-10-30 00:00:00,CANCELLED,EU-CENTRAL
1228,547,2024-04-06 00:00:00,SHIPPED,NA-WEST
1229,343,2025-07-01 00:00:00,DELIVERED,EU-WEST
1230,550,2025-10-16 00:00:00,CANCELLED,NA-EAST
1231,504,2025-03-05 00:00:00,DELIVERED,LATAM
1232,249,2026-04-26 00:00:00,CANCELLED,APAC
1233,461,2024-01-30 00:00:00,RETURNED,NA-EAST
1234,122,2025-10-13 00:00:00,DELIVERED,LATAM
1235,151,10-07-2026,CANCELLED,NA-EAST
1236,176,2025-07-07 00:00:00,SHIPPED,LATAM
1237,553,2025-11-06 00:00:00,RETURNED,NA-EAST
1238,339,2024-05-22 00:00:00,DELIVERED,NA-EAST
1239,296,2024-08-28 00:00:00,DELIVERED,NA-EAST
1240,159,2026-05-21 00:00:00,DELIVERED,APAC
1241,403,2024-11-01 00:00:00,DELIVERED,NA-EAST
1242,37,2025-07-12 00:00:00,DELIVERED,EU-WEST
1243,125,2025-07-11 00:00:00,DELIVERED,LATAM
1244,473,2025-09-20 00:00:00,DELIVERED,APAC
1245,328,2026-05-15 00:00:00,DELIVERED,NA-WEST
1246,409,2025-06-28 00:00:00,DELIVERED,LATAM
1247,288,2025-11-10 00:00:00,DELIVERED,APAC
1248,439,2025-11-20 00:00:00,SHIPPED,LATAM
1249,201,2025-06-20 00:00:00,SHIPPED,APAC
1250,231,2024-12-14 00:00:00,SHIPPED,EU-CENTRAL
1251,176,2024-12-17 00:00:00,DELIVERED,APAC
1252,517,2025-01-13 00:00:00,SHIPPED,LATAM
1253,500,2025-07-26 00:00:00,DELIVERED,EU-CENTRAL
1254,342,2024-02-18 00:00:00,DELIVERED,EU-CENTRAL
1255,339,2025-02-07 00:00:00,SHIPPED,EU-CENTRAL
1256,538,2026-04-17 00:00:00,PLACED,EU-WEST
1257,,2025-09-27 00:00:00,DELIVERED,NA-EAST
1258,279,2026-05-04 00:00:00,DELIVERED,NA-WEST
1259,339,2024-12-22 00:00:00,DELIVERED,EU-WEST
1260,105,2025-07-05 00:00:00,SHIPPED,LATAM
1261,433,2025-11-16 00:00:00,RETURNED,EU-CENTRAL
1262,122,2025-05-29 00:00:00,RETURNED,LATAM
1263,82,2026-05-21 00:00:00,CANCELLED,EU-CENTRAL
1264,229,2026-04-26 00:00:00,PLACED,NA-EAST
1265,408,2025-11-29 00:00:00,DELIVERED,EU-WEST
1266,452,2027-06-28 00:00:00,DELIVERED,EU-CENTRAL
1267,136,2025-12-21 00:00:00,RETURNED,NA-EAST
1268,5,2027-02-17 00:00:00,DELIVERED,APAC
1269,209,2024-09-07 00:00:00,DELIVERED,EU-WEST
1270,267,2026-07-10 00:00:00,DELIVERED,EU-CENTRAL
1271,524,2024-02-03 00:00:00,CANCELLED,LATAM
1272,451,2025-02-05 00:00:00,RETURNED,LATAM
1273,223,2024-07-22 00:00:00,RETURNED,LATAM
1274,490,2024-01-30 00:00:00,RETURNED,APAC
1275,78,2026-03-29 00:00:00,DELIVERED,NA-WEST
1276,251,2024-11-28 00:00:00,DELIVERED,APAC
1277,475,2025-03-03 00:00:00,DELIVERED,EU-WEST
1278,42,2024-01-03 00:00:00,SHIPPED,EU-CENTRAL
1279,335,2026-01-06 00:00:00,SHIPPED,APAC
1280,542,2025-07-15 00:00:00,DELIVERED,APAC
1281,277,2025-03-24 00:00:00,DELIVERED,EU-CENTRAL
1282,242,2024-07-25 00:00:00,RETURNED,LATAM
1283,95,2024-11-24 00:00:00,RETURNED,LATAM
1284,357,2026-03-08 00:00:00,DELIVERED,NA-EAST
1285,216,2025-08-13 00:00:00,DELIVERED,EU-WEST
1286,568,2026-01-19 00:00:00,CANCELLED,LATAM
1287,92,2024-05-22 00:00:00,SHIPPED,EU-WEST
1288,542,2024-02-02 00:00:00,DELIVERED,NA-WEST
1289,,2024-02-07 00:00:00,DELIVERED,APAC
1290,107,2025-11-12 00:00:00,SHIPPED,EU-CENTRAL
1291,335,2024-12-11 00:00:00,RETURNED,NA-WEST
1292,359,2027-04-23 00:00:00,DELIVERED,NA-EAST
1293,503,2025-11-13 00:00:00,DELIVERED,NA-EAST
1294,368,2024-05-25 00:00:00,DELIVERED,APAC
1295,56,2024-06-08 00:00:00,DELIVERED,EU-CENTRAL
1296,63,2024-10-11 00:00:00,DELIVERED,LATAM
1297,202,2024-01-23 00:00:00,DELIVERED,NA-EAST
1298,59,2026-06-06 00:00:00,PLACED,EU-CENTRAL
1299,316,2025-04-07 00:00:00,DELIVERED,EU-CENTRAL
1300,253,2025-01-15 00:00:00,DELIVERED,NA-EAST
1301,122,2024-01-03 00:00:00,DELIVERED,APAC
1302,283,2025-07-21 00:00:00,DELIVERED,NA-EAST
1303,532,2025-01-10 00:00:00,CANCELLED,NA-EAST
1304,105,2024-07-19 00:00:00,SHIPPED,EU-WEST
1305,524,2024-06-28 00:00:00,DELIVERED,NA-WEST
1306,260,02-04-2025,DELIVERED,NA-WEST
1307,322,2024-07-24 00:00:00,RETURNED,EU-WEST
1308,,27-12-2024,DELIVERED,EU-WEST
1309,319,2024-09-29 00:00:00,RETURNED,LATAM
1310,,2024-02-21 00:00:00,SHIPPED,EU-CENTRAL
1311,277,2025-07-19 00:00:00,DELIVERED,EU-CENTRAL
1312,397,2026-03-14 00:00:00,PLACED,APAC
1313,505,2026-07-23 00:00:00,DELIVERED,LATAM
1314,392,2026-02-06 00:00:00,RETURNED,NA-WEST
1315,230,2024-09-11 00:00:00,DELIVERED,NA-WEST
1316,117,2025-09-01 00:00:00,RETURNED,EU-WEST
1317,143,2024-09-27 00:00:00,PLACED,EU-WEST
1318,35,14-05-2026,CANCELLED,LATAM
1319,559,2024-09-22 00:00:00,RETURNED,NA-EAST
1320,329,2026-07-11 00:00:00,RETURNED,LATAM
1321,73,2025-06-04 00:00:00,RETURNED,EU-WEST
1322,365,2026-02-15 00:00:00,DELIVERED,LATAM
1323,553,03-06-2025,SHIPPED,NA-EAST
1324,185,2025-04-30 00:00:00,CANCELLED,EU-WEST
1325,105,2025-11-21 00:00:00,DELIVERED,EU-WEST
1326,489,2026-02-09 00:00:00,DELIVERED,NA-EAST
1327,595,2024-04-30 00:00:00,DELIVERED,EU-CENTRAL
1328,460,2024-09-11 00:00:00,DELIVERED,EU-CENTRAL
1329,542,2025-11-17 00:00:00,CANCELLED,EU-WEST
1330,27,2026-01-07 00:00:00,DELIVERED,APAC
1331,597,2025-07-28 00:00:00,RETURNED,EU-CENTRAL
1332,228,2024-05-08 00:00:00,DELIVERED,EU-WEST
1333,405,2026-06-20 00:00:00,DELIVERED,APAC
1334,56,2024-04-01 00:00:00,DELIVERED,LATAM
1335,361,2026-01-01 00:00:00,DELIVERED,NA-EAST
1336,,2024-09-17 00:00:00,DELIVERED,LATAM
1337,,2025-05-22 00:00:00,DELIVERED,LATAM
1338,368,2025-03-02 00:00:00,CANCELLED,LATAM
1339,149,2026-06-06 00:00:00,PLACED,NA-EAST
1340,293,2026-05-09 00:00:00,DELIVERED,EU-CENTRAL
1341,454,2025-12-16 00:00:00,DELIVERED,APAC
1342,322,2024-04-02 00:00:00,CANCELLED,NA-EAST
1343,490,2025-11-26 00:00:00,RETURNED,NA-WEST
1344,433,2024-12-25 00:00:00,DELIVERED,NA-EAST
1345,574,2024-07-31 00:00:00,SHIPPED,APAC
1346,484,2025-05-12 00:00:00,DELIVERED,NA-WEST
1347,279,2024-02-18 00:00:00,DELIVERED,EU-CENTRAL
1348,335,2025-03-21 00:00:00,DELIVERED,EU-CENTRAL
1349,329,2024-11-18 00:00:00,DELIVERED,NA-EAST
1350,399,2024-11-22 00:00:00,CANCELLED,NA-EAST
1351,119,15-06-2026,DELIVERED,EU-CENTRAL
1352,122,2025-11-22 00:00:00,SHIPPED,EU-CENTRAL
1353,,2025-11-03 00:00:00,DELIVERED,EU-WEST
1354,516,2024-04-12 00:00:00,CANCELLED,EU-CENTRAL
1355,550,2024-03-02 00:00:00,PLACED,EU-WEST
1356,490,2024-05-10 00:00:00,DELIVERED,EU-CENTRAL
1357,302,2026-04-01 00:00:00,DELIVERED,NA-WEST
1358,363,2024-02-24 00:00:00,DELIVERED,EU-WEST
1359,464,2025-06-10 00:00:00,DELIVERED,NA-WEST
1360,440,2024-10-01 00:00:00,DELIVERED,LATAM
1361,331,2024-04-24 00:00:00,DELIVERED,APAC
1362,87,2025-11-29 00:00:00,DELIVERED,EU-WEST
1363,552,2024-02-01 00:00:00,DELIVERED,NA-WEST
1364,124,2026-04-26 00:00:00,PLACED,APAC
1365,159,12-07-2025,DELIVERED,NA-WEST
1366,528,2025-12-17 00:00:00,PLACED,EU-WEST
1367,183,2024-12-19 00:00:00,CANCELLED,EU-CENTRAL
1368,150,2026-06-19 00:00:00,DELIVERED,APAC
1369,127,2025-11-16 00:00:00,SHIPPED,EU-WEST
1370,527,2025-08-16 00:00:00,DELIVERED,LATAM
1371,,2024-04-17 00:00:00,DELIVERED,NA-WEST
1372,571,2024-06-28 00:00:00,DELIVERED,APAC
1373,563,2026-03-22 00:00:00,DELIVERED,EU-WEST
1374,58,20-06-2024,PLACED,NA-WEST
1375,521,2025-01-23 00:00:00,CANCELLED,APAC
1376,207,2024-05-04 00:00:00,SHIPPED,EU-WEST
1377,523,2025-10-27 00:00:00,DELIVERED,EU-WEST
1378,,2024-07-18 00:00:00,CANCELLED,NA-EAST
1379,275,2026-02-08 00:00:00,CANCELLED,EU-CENTRAL
1380,447,2024-12-05 00:00:00,DELIVERED,LATAM
1381,93,27-07-2026,DELIVERED,NA-WEST
1382,,2024-04-12 00:00:00,DELIVERED,EU-WEST
1383,460,2025-03-16 00:00:00,SHIPPED,APAC
1384,319,2026-03-14 00:00:00,DELIVERED,APAC
1385,75,2025-11-29 00:00:00,DELIVERED,EU-CENTRAL
1386,387,14-05-2026,PLACED,APAC
1387,368,2024-03-30 00:00:00,DELIVERED,LATAM
1388,567,2025-01-24 00:00:00,CANCELLED,APAC
1389,121,2025-04-17 00:00:00,DELIVERED,EU-WEST
1390,77,2025-05-14 00:00:00,PLACED,LATAM
1391,192,2025-08-29 00:00:00,SHIPPED,NA-WEST
1392,271,2024-03-17 00:00:00,DELIVERED,EU-CENTRAL
1393,542,2024-12-20 00:00:00,DELIVERED,APAC
1394,51,2025-12-28 00:00:00,PLACED,EU-WEST
1395,286,2025-04-15 00:00:00,CANCELLED,EU-WEST
1396,287,2025-09-17 00:00:00,PLACED,NA-EAST
1397,464,2025-06-13 00:00:00,SHIPPED,NA-WEST
1398,516,2024-04-03 00:00:00,DELIVERED,EU-WEST
1399,45,2024-03-29 00:00:00,DELIVERED,NA-WEST
1400,,2024-07-23 00:00:00,DELIVERED,LATAM
1401,517,2025-12-18 00:00:00,DELIVERED,EU-CENTRAL
1402,219,2025-04-24 00:00:00,CANCELLED,EU-WEST
1403,270,2024-02-06 00:00:00,DELIVERED,LATAM
1404,248,2025-01-03 00:00:00,DELIVERED,NA-WEST
1405,459,2025-07-12 00:00:00,SHIPPED,APAC
1406,561,2024-11-02 00:00:00,DELIVERED,NA-WEST
1407,554,2026-05-20 00:00:00,PLACED,EU-CENTRAL
1408,257,2025-12-22 00:00:00,DELIVERED,EU-CENTRAL
1409,333,2025-08-31 00:00:00,SHIPPED,EU-WEST
1410,558,2025-09-06 00:00:00,RETURNED,EU-WEST
1411,207,04-12-2025,DELIVERED,EU-WEST
1412,416,2025-12-20 00:00:00,DELIVERED,EU-CENTRAL
1413,322,2025-11-13 00:00:00,DELIVERED,APAC
1414,52,2026-05-30 00:00:00,PLACED,NA-EAST
1415,,2025-12-03 00:00:00,PLACED,EU-CENTRAL
1416,51,2026-05-14 00:00:00,RETURNED,LATAM
1417,68,2026-07-24 00:00:00,PLACED,EU-WEST
1418,492,2024-11-07 00:00:00,SHIPPED,EU-CENTRAL
1419,292,2025-03-14 00:00:00,PLACED,APAC
1420,179,2024-12-10 00:00:00,RETURNED,EU-CENTRAL
1421,272,2025-12-03 00:00:00,DELIVERED,NA-EAST
1422,484,2025-08-14 00:00:00,DELIVERED,APAC
1423,248,2025-05-03 00:00:00,RETURNED,APAC
1424,,2024-11-10 00:00:00,CANCELLED,NA-EAST
1425,267,2024-12-08 00:00:00,CANCELLED,NA-EAST
1426,261,2024-07-07 00:00:00,SHIPPED,NA-EAST
1427,316,2026-03-08 00:00:00,DELIVERED,NA-EAST
1428,365,2026-07-02 00:00:00,SHIPPED,LATAM
1429,58,2025-06-06 00:00:00,PLACED,EU-WEST
1430,468,2024-01-07 00:00:00,DELIVERED,APAC
1431,,2024-07-09 00:00:00,DELIVERED,EU-WEST
1432,6,2025-11-18 00:00:00,CANCELLED,NA-WEST
1433,329,2025-12-12 00:00:00,SHIPPED,EU-CENTRAL
1434,173,2024-01-07 00:00:00,PLACED,APAC
1435,,2026-07-21 00:00:00,CANCELLED,LATAM
1436,341,2025-05-30 00:00:00,DELIVERED,NA-EAST
1437,391,2025-04-26 00:00:00,DELIVERED,NA-EAST
1438,222,2026-07-28 00:00:00,PLACED,EU-WEST
1439,547,2024-12-05 00:00:00,DELIVERED,APAC
1440,302,2024-01-02 00:00:00,DELIVERED,LATAM
1441,199,2024-06-08 00:00:00,DELIVERED,EU-CENTRAL
1442,369,22-04-2024,DELIVERED,LATAM
1443,136,2026-01-22 00:00:00,RETURNED,EU-CENTRAL
1444,368,2024-05-14 00:00:00,CANCELLED,NA-WEST
1445,134,17-07-2024,DELIVERED,EU-WEST
1446,35,2024-09-16 00:00:00,DELIVERED,APAC
1447,551,2024-12-30 00:00:00,SHIPPED,NA-EAST
1448,76,01-04-2024,DELIVERED,EU-WEST
1449,30,2025-06-27 00:00:00,DELIVERED,LATAM
1450,208,2025-02-05 00:00:00,RETURNED,EU-WEST
1451,403,2026-05-11 00:00:00,DELIVERED,NA-EAST
1452,209,03-04-2026,DELIVERED,EU-CENTRAL
1453,213,2025-03-17 00:00:00,DELIVERED,NA-WEST
1454,339,2024-11-05 00:00:00,SHIPPED,NA-WEST
1455,150,2024-03-31 00:00:00,DELIVERED,LATAM
1456,77,2025-11-01 00:00:00,SHIPPED,APAC
1457,418,2025-09-24 00:00:00,SHIPPED,NA-WEST
1458,270,2025-11-04 00:00:00,SHIPPED,APAC
1459,231,13-11-2025,SHIPPED,NA-WEST
1460,274,07-12-2025,CANCELLED,APAC
1461,400,2026-01-06 00:00:00,CANCELLED,APAC
1462,170,2024-12-09 00:00:00,DELIVERED,APAC
1463,442,2025-05-29 00:00:00,SHIPPED,EU-CENTRAL
1464,213,2026-07-19 00:00:00,DELIVERED,EU-CENTRAL
1465,,2025-08-12 00:00:00,SHIPPED,NA-WEST
1466,122,2024-09-02 00:00:00,DELIVERED,EU-WEST
1467,598,2025-11-14 00:00:00,SHIPPED,NA-WEST
1468,35,2024-11-20 00:00:00,DELIVERED,EU-WEST
1469,125,2024-01-19 00:00:00,DELIVERED,APAC
1470,458,2024-05-03 00:00:00,PLACED,APAC
1471,444,2025-11-04 00:00:00,CANCELLED,APAC
1472,,2025-05-25 00:00:00,CANCELLED,LATAM
1473,464,2024-05-31 00:00:00,SHIPPED,EU-WEST
1474,38,2025-04-24 00:00:00,DELIVERED,NA-EAST
1475,377,03-07-2025,DELIVERED,APAC
1476,124,2024-03-08 00:00:00,SHIPPED,NA-EAST
1477,408,2026-03-21 00:00:00,DELIVERED,LATAM
1478,262,2024-02-05 00:00:00,DELIVERED,NA-WEST
1479,497,2024-07-09 00:00:00,DELIVERED,EU-CENTRAL
1480,152,2025-11-06 00:00:00,SHIPPED,LATAM
1481,179,2025-09-22 00:00:00,PLACED,EU-CENTRAL
1482,315,11-03-2026,DELIVERED,APAC
1483,340,2025-02-10 00:00:00,PLACED,NA-WEST
1484,386,2024-07-23 00:00:00,SHIPPED,EU-WEST
1485,574,2025-07-20 00:00:00,DELIVERED,NA-WEST
1486,413,2026-02-19 00:00:00,DELIVERED,EU-CENTRAL
1487,402,2024-06-05 00:00:00,PLACED,NA-EAST
1488,580,2024-12-20 00:00:00,SHIPPED,LATAM
1489,,2025-02-18 00:00:00,SHIPPED,LATAM
1490,545,2024-09-07 00:00:00,PLACED,EU-WEST
1491,235,2024-08-29 00:00:00,CANCELLED,EU-CENTRAL
1492,295,2024-03-14 00:00:00,DELIVERED,APAC
1493,198,2025-11-03 00:00:00,DELIVERED,NA-EAST
1494,192,2025-11-06 00:00:00,PLACED,APAC
1495,94,2024-10-05 00:00:00,DELIVERED,EU-WEST
1496,62,14-07-2025,DELIVERED,NA-EAST
1497,523,2024-06-21 00:00:00,PLACED,LATAM
1498,586,2024-06-02 00:00:00,SHIPPED,LATAM
1499,536,2025-04-09 00:00:00,DELIVERED,NA-EAST
1500,399,2026-02-27 00:00:00,DELIVERED,NA-EAST
